一	yi1|yi2|yi4
是	shi4|ti2
人	ren2
了	le5|liao3|liao4
不	bu4|fou3|fou1|fu1|bu2
在	zai4
有	you3|you4|wei3
大	da4|dai4|tai4
中	zhong1|zhong4
国	guo2
和	he2|he4|hu2|huo2|huo4|huo5
为	wei4|wei2
这	zhe4|zhei4
上	shang4|shang3
他	ta1|tuo2
个	ge4|ge3|gan4
地	di4|de5
年	nian2|ning4
来	lai2
我	wo3
会	hui4|kuai4
以	yi3|si4
到	dao4
时	shi2
要	yao4|yao1|yao3
出	chu1
的	de5|di1|di2|di4
生	sheng1
学	xue2
说	shuo1|shui4|yue4
道	dao4|dao3
民	min2
家	jia1|jia5|jia4|jie5|gu1
子	zi5|zi3
也	ye3|yi2
成	cheng2
行	xing2|hang2|heng2|xing4|hang4
下	xia4
们	men5|men2
于	yu2|wei2|yu1|xu1
后	hou4
就	jiu4
发	fa1|fa4
自	zi4
之	zhi1|zhu1|zhi4
对	dui4
得	de2|de5|dei3
主	zhu3|zhu4
长	zhang3|chang2
可	ke3|ke4|ge1
过	guo4|guo1
天	tian1
作	zuo4|zuo1|zuo2
分	fen1|fen4|fen2
方	fang1|fang2|fang3|pang2|wang3|feng1
用	yong4
多	duo1
你	ni3
着	zhe5|zhao1|zhao2|zhuo2
部	bu4|pou3
能	neng2|tai2|nai2|nai4|xiong2
市	shi4|fu2
等	deng3
业	ye4
全	quan2
里	li3|li5
工	gong1
公	gong1
经	jing1|jing4
本	ben3|ben1
都	dou1|du1
而	er2|neng2
高	gao1|gao4
政	zheng4|zheng1
法	fa3
面	mian4
门	men2
动	dong4
日	ri4
进	jin4
区	qu1|ou1
事	shi4|zi4
代	dai4
那	na4|na1|nuo2|nuo4|nei4|na3|nei3|ne2|nai3|ne4
去	qu4|qu1
心	xin1
小	xiao3
同	tong2|tong4
北	bei3|bei4
定	ding4
开	kai1
产	chan3
前	qian2|jian3
其	qi2|ji1|ji4
军	jun1
还	hai2|huan2|fu2
然	ran2
起	qi3
种	zhong3|chong2|zhong4
所	suo3
如	ru2
现	xian4
理	li3
机	ji1|wei4
体	ti3|ti1|ben4|cui4
表	biao3
力	li4
好	hao3|hao4
外	wai4
与	yu3|yu4|yu2
文	wen2
当	dang1|dang4
两	liang3
实	shi2
重	zhong4|chong2|tong2
新	xin1
三	san1
么	me5|yao1|mo2|ma5
只	zhi3|zhi1
山	shan1
水	shui3
关	guan1
明	ming2|meng4
从	cong2|zong4
化	hua4|hua1|huo4
平	ping2|pian2|bing4|beng1
建	jian4
又	you4
制	zhi4
南	nan2|na1
内	nei4|na4|rui4
西	xi1
没	mei2|mo4|me5
此	ci3
将	jiang1|jiang4|qiang1
员	yuan2|yun4|yun2
名	ming2|ming4
手	shou3
最	zui4|cuo1
东	dong1
头	tou2|tou5
者	zhe3
月	yue4|ru4
间	jian1|jian4
无	wu2|mo2
安	an1
看	kan4|kan1
见	jian4|xian4
各	ge4|ge3
城	cheng2
十	shi2
相	xiang1|xiang4
但	dan4|tan3|yan4
已	yi3|si4
些	xie1|suo4|suo1
正	zheng4|zheng1
口	kou3
通	tong1|tong4
想	xiang3
度	du4|duo2|zhai2
加	jia1
第	di4
她	ta1|jie3|chi2
合	he2|ge3
院	yuan4
物	wu4
性	xing4
战	zhan4
由	you2|yao1
位	wei4|li4
常	chang2
点	dian3
海	hai3
意	yi4|yi1
场	chang3|chang2
武	wu3
使	shi3
次	ci4|zi1|ci2
二	er4
向	xiang4
治	zhi4|chi2
因	yin1
立	li4|wei4
数	shu4|shu3|shuo4
样	yang4|yang2
身	shen1|juan1
情	qing2
入	ru4
原	yuan2
问	wen4
把	ba3|ba4|pa2
路	lu4|luo4
被	bei4|bi4|pi1|pi4
并	bing4|bing1
利	li4
石	shi2|dan4
老	lao3
教	jiao4|jiao1
万	wan4|mo4
知	zhi1|zhi4
级	ji2
量	liang4|liang2
任	ren4|ren2|lin4
江	jiang1
及	ji2
应	ying1|ying4
省	sheng3|xing3|xian3
资	zi1
委	wei3|wei1|wei4
务	wu4
元	yuan2
美	mei3
特	te4
期	qi1|ji1
世	shi4
湖	hu2
回	hui2
系	xi4|ji4
比	bi3|bi4|pi2|pi3
气	qi4|qi3
汉	han4
总	zong3
展	zhan3
电	dian4
科	ke1|ke4
金	jin1|jin4
先	xian1
声	sheng1|qing4
提	ti2|di1|chi2|shi2|di3
品	pin3
设	she4
或	huo4|yu4
义	yi4
王	wang2|wang4|yu4
社	she4
很	hen3
统	tong3
处	chu4|chu3
四	si4
首	shou3
共	gong4|gong1|gong3|hong2
马	ma3
形	xing2
己	ji3|qi3
儿	er2|er5|ren2
司	si1|ci2|si4
太	tai4|ta1
目	mu4
基	ji1
领	ling3
队	dui4
直	zhi2
计	ji4
别	bie2|bie4
女	nv3|nv4|ru3
权	quan2
话	hua4
少	shao3|shao4
流	liu2
命	ming4
至	zhi4|die2
报	bao4
米	mi3
给	gei3|ji3
打	da3|da2
变	bian4
果	guo3|luo3|guan4
书	shu1
清	qing1|qing4
活	huo2|guo1
几	ji3|ji1
州	zhou1
华	hua2|hua4|hua1
解	jie3|jie4|xie4
议	yi4
更	geng4|geng1
称	cheng1|chen4|cheng4
程	cheng2
今	jin1
决	jue2
张	zhang1
导	dao3
术	shu4|zhu2|shu2
府	fu3
才	cai2|zai1
保	bao3
交	jiao1
放	fang4|fang3|fang1
管	guan3
结	jie2|jie1
师	shi1
便	bian4|pian2|bian1
走	zou3
达	da2|ti4|ta4
族	zu2|sou3|cou4|zou4
反	fan3|fan4
再	zai4
题	ti2
色	se4|shai3
五	wu3
京	jing1
河	he2
接	jie1|xie2|sha4|cha1
条	tiao2
规	gui1
式	shi4|te4
县	xian4
白	bai2|bo2
它	ta1|tuo2|yi2
改	gai3
风	feng1
光	guang1|guang4
运	yun4|yun3
信	xin4|shen1
受	shou4|dao4
什	shen2|shi2
组	zu3
听	ting1|yin3|yi2
布	bu4
百	bai3|bo2|mo4
济	ji4|ji3
党	dang3
指	zhi3|zhi1|zhi2
论	lun4|lun2
强	qiang2|jiang4|qiang3
做	zuo4
取	qu3|qu1
技	ji4|qi2
黄	huang2
神	shen2|shen1
选	xuan3
记	ji4
斯	si1|shi3
真	zhen1
却	que4
职	zhi2
号	hao4|hao2|xiao1
界	jie4
件	jian4|mou2
花	hua1
类	lei4
何	he2|he4
眼	yan3|wen3
兵	bing1
传	chuan2|zhuan4
带	dai4
空	kong1|kong4|kong3
干	gan4|gan1|an4
农	nong2
边	bian1|bian5
据	ju4|ju1
集	ji2
联	lian2
古	gu3|gu4|ku1
广	guang3|yan3|an1
完	wan2|kuan1
质	zhi4
阳	yang2
难	nan2|nan4
增	zeng1|zeng4|ceng2
历	li4
史	shi3
专	zhuan1
官	guan1
每	mei3
住	zhu4
商	shang1
即	ji2
步	bu4
认	ren4
车	che1|ju1
台	tai2|tai1|yi2|si4
林	lin2
必	bi4
死	si3
游	you2|liu2
举	ju3
线	xian4
言	yan2|yan4|yin2
皇	huang2|wang3
土	tu3|du4|cha3|tu2
团	tuan2|qiu2
收	shou1
考	kao3
求	qiu2
德	de2
叫	jiao4
近	jin4
备	bei4
研	yan2|yan4|xing2
争	zheng1
非	fei1|fei3
具	ju4
李	li3
众	zhong4|yin2
连	lian2
调	diao4|tiao2
感	gan3|han4
转	zhuan3|zhuan4|zhuai3
笑	xiao4
革	ge2|ji2
该	gai1
持	chi2
始	shi3
英	ying1|yang1
克	ke4
士	shi4
尔	er3
让	rang4
拉	la1|la2|la3|la4|la5
思	si1|sai1
根	gen1
格	ge2|luo4|he4|ge1
造	zao4|cao4|cao1
较	jiao4
际	ji4
亲	qin1|qing4
单	dan1|chan2|shan4
朝	chao2|zhao1|zhu1
红	hong2|gong1
型	xing2
价	jia4|jie5|jie4
校	xiao4|jiao4|jiao3|qiao1
约	yue1|yao1
器	qi4
字	zi4
段	duan4
周	zhou1
亚	ya4
深	shen1
候	hou4
则	ze2
功	gong1
属	shu3|zhu3
积	ji1|zhi3
快	kuai4
图	tu2
火	huo3|huo1
千	qian1
准	zhun3
究	jiu1|jiu4
往	wang3|wang4
极	ji2
育	yu4|zhou4|yo1
装	zhuang1
许	xu3|hu3
参	can1|cen1|shen1
半	ban4|pan4
令	ling4|ling2|ling3|lian2
吃	chi1|qi1
观	guan1|guan4
鱼	yu2
精	jing1|qing2|jing4
办	ban4
像	xiang4
帝	di4
八	ba1|ba2
复	fu4
影	ying3
告	gao4|ju1|gu4
远	yuan3
群	qun2
包	bao1|pao2|fu2
整	zheng3
构	gou4
料	liao4|liao2
随	sui2
划	hua4|hua2|guo4|guo3|huai5
算	suan4
象	xiang4
容	rong2|yong3
示	shi4|qi2|zhi4|shi2
投	tou2|dou4
势	shi4
热	re4
值	zhi2
夫	fu1|fu2
网	wang3
望	wang4
源	yuan2
息	xi1
语	yu3|yu4
股	gu3
铁	tie3
断	duan4
派	pai4|mai4|bai4|pa1
速	su4
怎	zen3
需	xu1|nuo4|ru2|ruan3
片	pian4|pian1|pan4
爱	ai4
律	lv4
纪	ji4|ji3
支	zhi1|zhi4|qi2
早	zao3
况	kuang4
病	bing4
境	jing4
证	zheng4
编	bian1
越	yue4|huo2
局	ju2
推	tui1
满	man3
且	qie3|ju1|cu2
列	lie4|li4
觉	jue2|jiao4
服	fu2|fu4|bi4|bo2
双	shuang1
未	wei4
居	ju1|ji1
除	chu2|zhu4|shu1
乐	le4|yue4
企	qi3
引	yin3
标	biao1
确	que4
织	zhi1
初	chu1
青	qing1|jing1
志	zhi4
率	lv4|shuai4|lve4
项	xiang4
飞	fei1
球	qiu2
节	jie2|jie1
察	cha2|cui4
龙	long2
响	xiang3
药	yao4
站	zhan4|zhan1
施	shi1|yi4|shi3
均	jun1|yun4
消	xiao1
客	ke4|qia4
失	shi1|yi4
轻	qing1
存	cun2
低	di1
甚	shen4|shen2
般	ban1|pan2|ban3|bo1
击	ji1
曾	ceng2|zeng1
防	fang2
请	qing3
离	li2|chi1
落	luo4|la4|lao4|luo1
显	xian3
罗	luo2|luo1
营	ying2
足	zu2|ju4
素	su4
视	shi4
护	hu4
副	fu4|pi4
食	shi2|si4|yi4
创	chuang4|chuang1
余	yu2|tu2|xu2|yu4
照	zhao4
兴	xing1|xing4
占	zhan4|zhan1|tie1
巴	ba1
虽	sui1
洲	zhou1
村	cun1
费	fei4
易	yi4
试	shi4
星	xing1
木	mu4
黑	hei1
左	zuo3
宝	bao3
置	zhi4
跟	gen1
央	yang1|ying1
识	shi2|shi4|zhi4
维	wei2
采	cai3|cai4
六	liu4|lu4
底	di3|de5
宫	gong1
房	fang2|pang2
音	yin1
环	huan2
案	an4
批	pi1|pi2
切	qie4|qie1|qi4
斗	dou4|dou3|zhu3
富	fu4
乡	xiang1
另	ling4
倒	dao4|dao3
若	ruo4|re2|re4|re3
按	an4
查	cha2|zha1|chai2
故	gu4
突	tu1
责	ze2
严	yan2
桥	qiao2
模	mo2|mu2
仅	jin3|fu4|nu2|jin4
胜	sheng4|xing1|qing4|sheng1
杀	sha1
围	wei2
席	xi2
态	tai4
破	po4
承	cheng2|zheng3|zheng4
招	zhao1|qiao2|shao2
杨	yang2
负	fu4
层	ceng2
须	xu1
父	fu4|fu3
供	gong1|gong4
续	xu4
状	zhuang4
域	yu4
似	shi4|si4
依	yi1|yi3
银	yin2
范	fan4
修	xiu1
找	zhao3|hua2
九	jiu3|jiu1
致	zhi4|zhui4
密	mi4
终	zhong1
血	xue4|xie3
旅	lv3
钱	qian2
赛	sai4
独	du2
细	xi4
效	xiao4
玉	yu4
冲	chong1|chong4
获	huo4
习	xi2
医	yi1|yi4
演	yan3|yan4
毛	mao2|mao4
尽	jin3|jin4
脸	lian3
弹	dan4|tan2
楼	lou2
艺	yi4
航	hang2
陆	lu4|liu4
右	you4
协	xie2
七	qi1|qi2
攻	gong1
镇	zhen4
检	jian3
写	xie3|xie4
苏	su1
宗	zong1
章	zhang1|zhang4
注	zhu4|zhou4
阿	a1|e1|e3|a3|a4|a5
抗	kang4|gang1
弟	di4|ti4|tui2
坐	zuo4
验	yan4
封	feng1|bian3
紧	jin3
劳	lao2
户	hu4
优	you1|you2
财	cai2
养	yang3
适	shi4|kuo4
陈	chen2
喜	xi3|xi1|chi4
卫	wei4
排	pai2|pai3|bai4
射	she4|ye4|yi4
哥	ge1
油	you2|you4
刻	ke4|kei1
留	liu2|liu4|liu3
急	ji2
降	jiang4|xiang2|xiang4
念	nian4
云	yun2
微	wei1
伤	shang1
例	li4|lie4
景	jing3|ying3
拿	na2
绝	jue2
阶	jie1
座	zuo4
刘	liu2
刚	gang1
害	hai4|he2
印	yin4|yi4
亿	yi4
沙	sha1|sha4|suo1
母	mu3|mu2|wu3|wu2
酒	jiu3
助	zhu4|chu2
闻	wen2
超	chao1|chao3|chao4|tiao4
审	shen3
待	dai4|dai1
压	ya1|ya4
升	sheng1
送	song4
监	jian1|jian4
策	ce4
略	lve4
限	xian4|wen3
竟	jing4
香	xiang1
配	pei4
藏	cang2|zang4|zang1
敌	di2|hua2
呢	ne5|ni2|ni3|ni1
差	cha4|cha1|chai1|ci1|chai4|cuo1|jie1
仍	reng2
兰	lan2
温	wen1|yun4
园	yuan2|wan2
树	shu4
征	zheng1
善	shan4
波	bo1|bei1|bi4
哪	na3|na5|ne2|nuo2|nai3|na4|nie4|nei3
词	ci2
岛	dao3
止	zhi3
预	yu4
怕	pa4|bo2
继	ji4
皮	pi2
执	zhi2
味	wei4|mei4
份	fen4|bin1
角	jiao3|jue2|lu4|gu3
草	cao3|zao4
男	nan2
普	pu3
答	da2|da1
益	yi4
谁	shui2|shei2
船	chuan2
惊	jing1|liang2
核	he2|hu2|gai1|kai4
街	jie1
夏	xia4|jia3
宣	xuan1
掌	zhang3
田	tian2
久	jiu3
著	zhu4|zhe5|zhuo2|chu2|zhao1|zhao2
画	hua4
辑	ji2
奇	qi2|ji1|ai3|yi3
尼	ni2|ni3
剑	jian4
吧	ba5|ba1|pa1
谈	tan2
背	bei4|bei1
免	mian3|wen4|wan3
孩	hai2
礼	li3
材	cai2
愿	yuan4
洋	yang2|xiang2|yang3
春	chun1|chun3
架	jia4
筑	zhu4|zhu2
括	kuo4|gua1
晚	wan3
乱	luan4
乎	hu1
讲	jiang3
尚	shang4|chang2
良	liang2|liang3
友	you3
临	lin2
激	ji1|jiao4|jiao1
刀	dao1|diao1
夜	ye4
室	shi4
既	ji4|xi4
敢	gan3
邦	bang1
挥	hui1
昌	chang1|chang4
板	ban3
胡	hu2
欧	ou1
福	fu2|fu4
港	gang3|hong4
叶	ye4|xie2
简	jian3
苦	ku3|gu3|hu4
担	dan1|dan4|dan3|jie1
句	ju4|gou1|gou4|qu2
岁	sui4
荆	jing1
贵	gui4
娘	niang2
守	shou3|shou4
辖	xia2
威	wei1
宜	yi2
衣	yi1|yi4
帮	bang1
块	kuai4|yue2
堂	tang2
额	e2
错	cuo4
剧	ju4
充	chong1
欢	huan1
够	gou4
孙	sun1
班	ban1
呼	hu1|xiao1|xu1|he4|xia4
阵	zhen4
销	xiao1
坚	jian1
练	lian4
脚	jiao3|jue2
退	tui4
读	du2|dou4
测	ce4
吴	wu2|tun1
希	xi1
宁	ning2|ning4|zhu4
换	huan4
版	ban3
异	yi4|yi2
某	mou3|mei2
顾	gu4
曲	qu1|qu3
楚	chu3
典	dian3|tian3
朱	zhu1|shu1
毒	du2|dai4
菜	cai4
判	pan4
救	jiu4|jiu1
宋	song4
茶	cha2
洪	hong2
含	han2|han4
顺	shun4
啊	a5|a1|a2|a3|a4|e4
鲜	xian1|xian3
败	bai4
货	huo4
矿	kuang4
端	duan1
兄	xiong1|kuang4
归	gui1
冷	leng3|ling2|ling3
忙	mang2
买	mai3
险	xian3
康	kang1|kang4
评	ping2
肉	rou4|ru4
吗	ma5|ma2|ma3
厂	chang3|han3|yan2|an1
永	yong3
哈	ha1|ha3|ha4|he1|he2|ta4|sha4
沉	chen2
散	san4|san3|san1
遗	yi2|wei4
停	ting2
笔	bi3
假	jia3|jia4|jie5|xia4|xia2|ge2
输	shu1
牛	niu2
洞	dong4|tong2
松	song1
渐	jian4|jian1
顶	ding3
训	xun4
录	lu4
否	fou3|pi3
述	shu4
毕	bi4
督	du1
控	kong4|kong1|qiang1
丰	feng1
献	xian4
姑	gu1
忽	hu1
爷	ye2
互	hu4
亮	liang4|liang2
纳	na4
襄	xiang1
登	deng1|de2
咱	zan2|za2|za3|zan5
钟	zhong1
伯	bo2|bai3|mo4|ba4
臣	chen2
雄	xiong2
季	ji4
脑	nao3
介	jie4|ge4
鄂	e4
召	zhao4|shao4
饭	fan4
暗	an4
扩	kuo4
祖	zu3|jie1
齐	qi2|ji4
短	duan3
烈	lie4
赶	gan3|qian2
牌	pai2
恩	en1
诉	su4
移	yi2|chi3|yi4
诗	shi1
础	chu3
露	lu4|lou4
届	jie4
蒙	meng2|meng1|meng3
静	jing4
喝	he1|he4|ye4|kai4
盘	pan2
卖	mai4
植	zhi2
授	shou4
伊	yi1
湾	wan1
博	bo2
痛	tong4
减	jian3
穿	chuan1|chuan4|yuan1
逐	zhu2|di2|zhou4|tun2
秘	mi4|bi4|bie2
庭	ting2
陵	ling2
固	gu4
禁	jin4|jin1
票	piao4|piao1
灵	ling2
杂	za2|duo3
姓	xing4|sheng1
泽	ze2
吸	xi1
侧	ce4|ze4|zhai1
庆	qing4
妈	ma1
遇	yu4|yong2|ou3
追	zhui1|dui1|tui1
甲	jia3
馆	guan3
补	bu3
唐	tang2
炮	pao4|bao1|pao2
沿	yan2|yan3|yan4
殿	dian4
刺	ci4|ci1|qi4
怪	guai4
彩	cai3
俄	e2
旧	jiu4
警	jing3
索	suo3
岸	an4
轮	lun2
妇	fu4
载	zai4|zai3
靠	kao4
附	fu4|bu4|fu1
毫	hao2
怀	huai2|fu4
软	ruan3
骨	gu3|gu1|gu2
探	tan4|xian2
雷	lei2|lei4
旁	pang2|peng1|beng1|bang4
罪	zui4
枪	qiang1
牙	ya2|ya4
迎	ying2|ying4
序	xu4
慢	man4|man2
盛	sheng4|cheng2
雨	yu3|yu4
墙	qiang2
恶	e4|e3|wu4|wu1
谷	gu3|lu4|yu4
顿	dun4|du2
危	wei1
稳	wen3
熟	shu2|shou2
概	gai4|gui4|jie2
酸	suan1
操	cao1
诸	zhu1
绿	lv4|lu4
佛	fu2|fo2|bo2|bi4
荣	rong2
针	zhen1
托	tuo1
宽	kuan1
折	zhe2|she2|zhe1|ti2
野	ye3|shu4
付	fu4
午	wu3
肯	ken3
库	ku4
厚	hou4
缺	que1|kui3
罢	ba4|ba5
耳	er3|reng2
屋	wu1
嘴	zui3
末	mo4|me5
谢	xie4
巨	ju4|qu2
培	pei2|pou3|pi1
页	ye4
瓦	wa3|wa4
款	kuan3|xin1
犯	fan4
困	kun4
店	dian4
智	zhi4|zhi1
拥	yong1
雪	xue3
翻	fan1
圣	sheng4|ku1
戏	xi4|hu1
旗	qi2
吉	ji2
婚	hun1
奖	jiang3
岩	yan2
疑	yi2|ning2
币	bi4|yin4
圆	yuan2
歌	ge1
廷	ting2
健	jian4
卡	ka3|qia3
烧	shao1
析	xi1|si1
讨	tao3
跑	pao3|pao2|bo2
烟	yan1|yin1
误	wu4
仙	xian1|xian3
疗	liao2
舞	wu3
亡	wang2|wu2
闭	bi4
汽	qi4|gai4|yi3
伸	shen1
脱	tuo1|tui4
秋	qiu1
姐	jie3|ju4|xu4|zu1
繁	fan2|po2|pan2
侵	qin1|qin3
川	chuan1
莫	mo4|mu4
麻	ma2|ma1
秀	xiu4
借	jie4
寻	xun2|xin2
私	si1
岗	gang3|gang1
卷	juan3|juan4|quan2|quan1|gun3|jun4
跳	tiao4|diao4|tao2
丽	li4|li2
横	heng2|heng4|guang1|guang4|huang2|huang4
驻	zhu4
套	tao4|tao3
兼	jian1
您	nin2
君	jun1
丁	ding1|zheng1
束	shu4
纸	zhi3
夺	duo2
袁	yuan2
灯	deng1|ding1
坏	huai4|pi1|pei2
坦	tan3
丝	si1
径	jing4
购	gou4
阴	yin1
床	chuang2
瞧	qiao2
择	ze2|zhai2
墓	mu4
宪	xian4|xiong4
峰	feng1
遍	bian4
鲁	lu3
庙	miao4
掉	diao4|nuo2
丹	dan1
桃	tao2|tiao1|zhao4
御	yu4|ya4
舰	jian4
避	bi4
售	shou4|shu2
怒	nu4
课	ke4
播	bo1|bo3
拔	ba2|bo1|bie2|fa2|bei4
奥	ao4|yu4|you1
延	yan2
虚	xu1
隐	yin3
粮	liang2
络	luo4|lao4
遭	zao1
摇	yao2
潜	qian2
庄	zhuang1|peng2
混	hun4|gun3|hun2|kun1
厅	ting1
婆	po2
奴	nu2
鼓	gu3
赵	zhao4
访	fang3
睡	shui4
震	zhen4|shen1
予	yu3|yu2|zhu4
童	tong2|zhong1
徐	xu2
韦	wei2
殖	zhi2|shi5|shi4
抓	zhua1
拜	bai4|bai2
吨	dun1|tun2|tun3
扬	yang2
址	zhi3
洛	luo4
休	xiu1|xu4
纵	zong4
逃	tao2
染	ran3
纷	fen1
贸	mao4
透	tou4|shu1
汇	hui4
灭	mie4
蛋	dan4
森	sen1
仪	yi2
塔	ta3|da1|da5
距	ju4
狐	hu2
融	rong2
郡	jun4
缓	huan3
聚	ju4
盖	gai4|ge3
拍	pai1|bo2
迹	ji4|ji1
忠	zhong1
释	shi4
润	run4
粉	fen3
涓	juan1|yuan4|xuan4
孔	kong3
岭	ling3|ling2
搜	sou1|xiao1|sou4|shao3
紫	zi3
虑	lv4|bi4
促	cu4|chuo4
抵	di3|zhi3|qi2
钢	gang1|gang4
塞	sai1|sai4|se4
寺	si4|shi4
津	jin1
液	ye4|shi4
码	ma3
虎	hu3|hu4
坛	tan2
珍	zhen1
硬	ying4|geng3
梁	liang2
奔	ben1|ben4|fen4
累	lei4|lei2|lei3|lv4|lie4
役	yi4
偏	pian1
迫	po4|pai3
锛	ben1
凡	fan2
损	sun3
壁	bi4
哭	ku1
替	ti4
税	shui4|tuo1|tui4|tuan4
综	zong1|zeng4
伦	lun2
冰	bing1|ning2
盟	meng2|meng4|ming2
挂	gua4
韩	han2
竞	jing4
乌	wu1|wu4
尤	you2
弱	ruo4
铺	pu4|pu1
妹	mei4
秦	qin2
尊	zun1
竹	zhu2
珠	zhu1
迅	xun4
脉	mai4|mo4
泥	ni2|ni4|ni3|nie4|ning4
鬼	gui3
纯	chun2
睛	jing1|jing3
刑	xing2
途	tu2
隆	long2|long1
潮	chao2
幅	fu2|bi1
杯	bei1
握	wo4|ou4
谋	mou2
剂	ji4
幸	xing4|nie4
奉	feng4
乘	cheng2|sheng4
抱	bao4|pao1|pou3
朋	peng2
谓	wei4
频	pin2
崇	chong2
壮	zhuang4
骑	qi2
紝	ren4
恐	kong3
享	xiang3
鸡	ji1
虫	chong2|hui3
绍	shao4
铜	tong2
呈	cheng2|kuang2|cheng3
泛	fan4|feng3|fa2
械	xie4
摆	bai3
欲	yu4
奶	nai3
敬	jing4
措	cuo4|ze2|ci4
爆	bao4|bo2
暴	bao4|pu4|bo2
签	qian1
猛	meng3
郭	guo1|guo2
嘉	jia1
障	zhang4|zhang1
缩	suo1|su4
亦	yi4
废	fei4
搞	gao3|qiao1|kao4
胞	bao1|pao2|pao4
埃	ai1|zhi4
曰	yue1
撤	che4
暖	nuan3|xuan1
寒	han2
订	ding4
俗	su2
绩	ji4|ji1
阻	zu3|zhu4
盐	yan2
萨	sa4
勒	lei1|le4|lei5
忘	wang4|wang2
奏	zou4|cou4
孝	xiao4
贴	tie1
灰	hui1
梅	mei2
触	chu4
玩	wan2
默	mo4
醒	xing3|cheng2|jing1
胸	xiong1
莲	lian2
篇	pian1
柱	zhu4|zhu3
裁	cai2
啦	la5|la1
淡	dan4|yan4|tan2
抢	qiang3|qiang1
捕	bu3
闹	nao4
纺	fang3
截	jie2
讯	xun4
朗	lang3
誉	yu4
雅	ya3|ya1|ya2
忍	ren3|ren4
梦	meng4
伙	huo3|huo5
勇	yong3
峡	xia2
徒	tu2
丈	zhang4
尾	wei3|yi3
迷	mi2|mi4
唱	chang4
泉	quan2
泰	tai4
佳	jia1
残	can2
闪	shan3
伍	wu3
呀	ya5|ya1|xia1
疾	ji2
署	shu3
剩	sheng4
贼	zei2
冠	guan1|guan4
倾	qing1
豆	dou4
申	shen1
贫	pin2
诺	nuo4
麦	mai4
泪	lei4
羊	yang2
尖	jian1
辈	bei4
镜	jing4
涉	she4|die2
贡	gong4
爹	die1
缘	yuan2
摩	mo2|ma1|mi2
妻	qi1|qi4
殊	shu1
贝	bei4
零	ling2|lian2
映	ying4|yang3
甘	gan1|han1
骂	ma4
糖	tang2
岳	yue4
饮	yin3|yin4
奋	fen4|kang3
棉	mian2
雕	diao1
跃	yue4
汗	han4|han2|gan1
冒	mao4|mo4
渡	du4
努	nu3
赞	zan4
启	qi3
阁	ge2
斤	jin1
裂	lie4|lie3
患	huan4
伏	fu2|fu4
池	chi2|tuo2|che4
鹿	lu4|lv2
洗	xi3|xian3
劲	jin4|jing4
晋	jin4
倍	bei4|pei2
圈	quan1|juan1|juan4|quan2|juan3
媒	mei2|mei4
箭	jian4
沟	gou1
锋	feng1
胆	dan3|tan2|tan3|da2
凭	ping2
挑	tiao1|tiao3|tao2|diao4|tiao2|tiao5
抬	tai2|chi1
闯	chuang3
隔	ge2|rong3|ji1
弄	nong4|long4
曹	cao2
汤	tang1|shang1
苗	miao2
迁	qian1
叹	tan4|yi3|you4
唯	wei2|wei3
振	zhen4|zhen1|zhen3
储	chu3
贯	guan4
彻	che4
桌	zhuo1
祭	ji4|zhai4
符	fu2
僧	seng1|ceng2
衡	heng2
炸	zha4|zha2
旋	xuan2|xuan4
喊	han3|kan4|jian1
凤	feng4
黎	li2
郎	lang2|lang4
援	yuan2|huan4
肥	fei2|bi3
磁	ci2
忌	ji4
赏	shang3
辽	liao2
祥	xiang2
董	dong3|zhong3
仁	ren2
辛	xin1
瑞	rui4
询	xun2
敏	min3
浪	lang4|lang2
貌	mao4|mo4
毁	hui3|hui4
昨	zuo2
巧	qiao3
腿	tui3
抽	chou1
荷	he2|he4|he1
陷	xian4
焦	jiao1|qiao2
净	jing4|cheng1
腹	fu4
弃	qi4
乃	nai3|ai3
湘	xiang1
亩	mu3
滑	hua2|gu3
狗	gou3
冬	dong1
宏	hong2
皆	jie1
番	fan1|pan1|fan2|bo1|po2|pan2|pan4|pi2
尸	shi1
伟	wei3
桂	gui4
览	lan3
恢	hui1
龄	ling2
绕	rao4|rao3
趣	qu4|cu4|qu1|cou3|zou1
晶	jing1
坡	po1
魏	wei4|wei2|wei1
摸	mo1|mo2
伴	ban4|pan4
墨	mo4|mei4
浓	nong2
绪	xu4
舍	she3|she4|shi4
蓝	lan2|la5
荡	dang4
阅	yue4
井	jing3|jing4
鸿	hong2
旦	dan4
惯	guan4
症	zheng4|zheng1
鸟	niao3|diao3
窗	chuang1|cong1
扎	zha1|za1|zha2|zha3
辞	ci2
聘	pin4|ping4
穷	qiong2
堰	yan4
宇	yu3
键	jian4
荒	huang1|huang3|kang1|huang2
递	di4
恨	hen4
隶	li4|dai4|yi4|di4
厉	li4
杜	du4|du3|tu2
闲	xian2
腰	yao1
袭	xi2
侍	shi4
灾	zai1
涨	zhang3|zhang4
叔	shu1
湿	shi1
寨	zhai4|se4|qian1
幕	mu4|man4
豪	hao2
郑	zheng4
磨	mo2|mo4
浮	fu2
薄	bao2|bo2|bo4|bu4
券	quan4|xuan4
赤	chi4
腐	fu3
译	yi4
租	zu1|ju1
氧	yang3
戴	dai4
邓	deng4|shan1
煤	mei2
肠	chang2
牧	mu4
孤	gu1
诏	zhao4
妙	miao4|miao3
旨	zhi3
堡	bao3|bu3|pu4
册	ce4|zha4
锅	guo1
胖	pang4|pan2|pan4
柳	liu3
阔	kuo4
吹	chui1|chui4
丘	qiu1
趋	qu1
锦	jin3
颜	yan2
悬	xuan2
陶	tao2|yao2|dao4
拳	quan2
诚	cheng2
尺	chi3|che3
晓	xiao3
插	cha1|zha3
蒋	jiang3
艇	ting3
勤	qin2|qi2
穴	xue2|jue2
摄	she4
燕	yan4|yan1
垂	chui2|zhui4
罚	fa2
辆	liang4
戒	jie4
稀	xi1
腾	teng2
粗	cu1
袋	dai4
绘	hui4
炎	yan2|yan4|tan2
氏	shi4|zhi1|jing1
肩	jian1|xian2
枝	zhi1|qi2
狂	kuang2|jue2
泊	po1|bo2|po4
估	gu1|gu4
杭	hang2|kang4|kang1
扑	pu1|pi4
臂	bi4|bei5
哲	zhe2
寡	gua3
偷	tou1
懂	dong3
琴	qin2
悲	bei1
盾	dun4|shun3|yun3
炒	chao3
稍	shao1|shao4
矛	mao2
愈	yu4
籍	ji2|jie4
颁	ban1
吐	tu3|tu4
呆	dai1|bao3|ai2
违	wei2
亭	ting2
眉	mei2
撞	zhuang4
贷	dai4
刊	kan1
巡	xun2|yan2|shun4
屈	qu1|jue2|que4|ju2
堆	dui1|zui1
曼	man4
饰	shi4
碎	sui4
滚	gun3
悉	xi1
寄	ji4
浜	bang1|bin1
迟	chi2
描	miao2|mao4
污	wu1
辅	fu3
魔	mo2
烦	fan2
鼻	bi2
盗	dao4
餐	can1|sun1
幼	you4|yao4
凉	liang2|liang4
仗	zhang4
冈	gang1
澳	ao4|yu4
驾	jia4
銆	mo4
菌	jun1|jun4
肚	du4|du3
肃	su4
爸	ba4
仰	yang3|ang2
抚	fu3
慈	ci2
扶	fu2|pu2
盆	pen2
仿	fang3|pang2
炼	lian4
纲	gang1
倘	tang3|chang2
碗	wan3
杰	jie2
忧	you1|you4
惜	xi1
扫	sao3|sao4
暂	zan4
祝	zhu4|zhou4|chu4
跨	kua4|ku4|kua1|kua3
渔	yu2
宾	bin1
漫	man4
寿	shou4
猪	zhu1
涌	yong3|chong1
凝	ning2
邻	lin2
赴	fu4
恰	qia4
劝	quan4
仇	chou2|qiu2|ju1
践	jian4
顷	qing3
赋	fu4
悄	qiao1|qiao3|qiao4
莱	lai2
拟	ni3
贤	xian2
愤	fen4
姆	mu3
乏	fa2
轰	hong1
粒	li4
逼	bi1
傅	fu4|fu1
陕	shan3
昆	kun1|hun2|kun4
溶	rong2
葬	zang4
燃	ran2
魂	hun2
挺	ting3|ting2
腊	la4|xi1
耐	nai4|neng2
犹	you2|you4
辉	hui1
乳	ru3
陪	pei2
颇	po3|po1
斜	xie2|xia2|cha2|ye2
棋	qi2|ji1
殑	qing2|jing1|jing4
熊	xiong2
浅	qian3|jian1
沈	shen3|chen2|tan2
姊	zi3
返	fan3
翼	yi4
丧	sang4|sang1
拖	tuo1|chi3
惨	can3
俊	jun4|shun4|dun1
驱	qu1
袖	xiu4
惠	hui4
涂	tu2|chu2|ye2
添	tian1|tian4
牵	qian1
咸	xian2|jian3|jian1
详	xiang2
碰	peng4
割	ge1
侯	hou2|hou4
纤	xian1|qian4
柔	rou2
档	dang4
糊	hu2|hu1|hu4
岂	qi3|kai3
跪	gui4
拒	ju4|ju3
覆	fu4
绣	xiu4
吓	xia4|he4|ha4
宿	su4|xiu3|xiu4|qi1
偶	ou3
揭	jie1|qi4|he2
赖	lai4
烤	kao3
卢	lu2
娃	wa2|wa1|gui4
颗	ke1
邮	you2
扇	shan4|shan1
伐	fa2
循	xun2
衰	shuai1|suo1|cui1
弦	xian2
凯	kai3
羽	yu3|hu4
枚	mei2
帅	shuai4
锁	suo3
疏	shu1
搭	da1|ta4
俱	ju4|ju1
帐	zhang4
胶	jiao1|xiao2
赫	he4|shi4
鐨	fei4
埋	mai2|man2
蒸	zheng1
壳	ke2|qiao4
剉	cuo4
彼	bi3
脏	zang4|zang1
箱	xiang1
浙	zhe4
弯	wan1
瓜	gua1
挡	dang3|dang4
拱	gong3|ju2
筹	chou2
疆	jiang1|jiang4
肿	zhong3
膜	mo2
刷	shua1|shua4
杆	gan1|gan3|gan4
凶	xiong1
债	zhai4
甜	tian2
泡	pao4|pao1|pao2
玄	xuan2|xuan4
贾	jia3|gu3
谱	pu3
夹	jia1|ga1|jia2
乾	qian2|gan1
遣	qian3|qian4
薪	xin1
灌	guan4|huan4
咬	yao3|jiao1|yao1|jiao3
尘	chen2
填	tian2|tian3|chen2|zhen4
廊	lang2
钻	zuan1|zuan4
丛	cong2
狼	lang2|lang3|lang4|hang3
牢	lao2|lao4|lou2
脊	ji2|ji3
熙	xi1|yi2
卒	zu2|cu4|cui4
碑	bei1
漠	mo4
躲	duo3
削	xue1|xiao1|qiao4|shao4
徽	hui1
踏	ta4|ta1
贺	he4
朵	duo3
遵	zun1
狠	hen3|yan2|ken3|hang3
菲	fei1|fei3|fei4
撒	sa1|sa3
扰	rao3|you4
蛇	she2|yi2|tuo2|chi2
锡	xi1
炉	lu2
纹	wen2|wen4
匹	pi3
亏	kui1|yu2
鉴	jian4
慕	mu4
跌	die1|die2|tu2
慌	huang1|huang3|huang5
穆	mu4
邀	yao1
芳	fang1
爬	pa2
豫	yu4|xie4|shu1
吾	wu2|yu2|ya2
奸	jian1|gan1
棒	bang4
淮	huai2
捷	jie2|qie4|cha1
耕	geng1
艘	sou1
齿	chi3
醉	zui4
脂	zhi1|zhi3
兽	shou4
滴	di1
盈	ying2
卵	luan3|kun1
滋	zi1|ci2|xuan2
柴	chai2|ci1|zhai4|zi4
溪	xi1|qi1
妃	fei1|pei4
浠	xi1
碍	ai4
瓶	ping2
辩	bian4
遂	sui4|sui2
怨	yuan4|yun4
拨	bo1
肌	ji1|ji4
俘	fu2
挖	wa1
恒	heng2
励	li4
鸣	ming2
肝	gan1
腔	qiang1|kong4
偿	chang2
秒	miao3
拦	lan2
允	yun3|yuan2
塑	su4
拆	chai1|che4|chi4|ca1
靖	jing4
耗	hao4|mao2|mao4
凌	ling2|ling4
披	pi1
胁	xie2
吏	li4
纽	niu3
烂	lan4
尝	chang2
垸	yuan4|huan2
辟	pi4|bi4|mi3|pi1
耶	ye2|ye1|xie2
艰	jian1
佩	pei4
敦	dun1|dui1|tuan2|diao1|dun4|dao4|zhun3|tun1|dui4|tun2
疼	teng2
荐	jian4
厘	li2|chan2
匠	jiang4
柏	bai3|bo2|bo4
悠	you1
壤	rang3
拾	shi2|she4|jie4
乔	qiao2
轴	zhou2|zhou4
妖	yao1|jiao3
喷	pen1|pen4
掩	yan3|yan4
璃	li2
孟	meng4
轨	gui3
歇	xie1|ya4
猜	cai1
晨	chen2
坊	fang1|fang2
桑	sang1
堤	di1|ti2|di3|shi2|wei2
畅	chang4
瞎	xia1
氨	an1
辨	bian4|bian3|ban4|pian4
鞋	xie2|wa1
昏	hun1|hun4
恭	gong1
畜	chu4|xu4
浩	hao4|gao3|ge2
迪	di2
雾	wu4
丢	diu1
咨	zi1
擦	ca1
窝	wo1
洁	jie2|ji2
飘	piao1
捉	zhuo1
搬	ban1|su4
奈	nai4
肤	fu1
愁	chou2|qiao3|jiu1
砖	zhuan1
辣	la4
幽	you1
嘛	ma5|ma2
赢	ying2
藕	ou3
挤	ji3
舒	shu1|yu4
狮	shi1
耀	yao4
诊	zhen3
扣	kou4
篮	lan2
尿	niao4|sui1
唤	huan4
梯	ti1|ti2
勾	gou1|gou4
霍	huo4|he4|suo3
舌	she2|gua1
侠	xia2
筋	jin1|qian2
枢	shu1
屏	ping2|bing3|bing4|bing1
衙	ya2|yu2|yu4
殷	yin1|yan1|yin3
栏	lan2
纠	jiu1
链	lian4
恋	lian4
惧	ju4
笼	long2|long3
寸	cun4|cun3
冶	ye3
弥	mi2
晃	huang3|huang4
叙	xu4
吊	diao4
哩	li1|li5|li4|li3|mai2|ying1
稿	gao3
娜	na4|nuo2
剥	bo1|bao1|pu1
拼	pin1|bing4
欺	qi1
榜	bang3|beng1|bang4|pang2|peng2
囊	nang2|nang1
汪	wang1|wang3|hong2
逆	ni4
骗	pian4
堪	kan1|chen3
猎	lie4|xi1|que4
棺	guan1|guan4
胎	tai1
俩	lia3|liang3
郊	jiao1
掘	jue2|ku1
匆	cong1
缝	feng4|feng2
乙	yi3|yi4|jue2
藻	zao3
携	xie2
慧	hui4
函	han2
辱	ru3
扯	che3
嫩	nen4
癌	ai2|yan2
悟	wu4
滩	tan1
祸	huo4
秉	bing3
慰	wei4
驰	chi2
狱	yu4
砍	kan3
糕	gao1
漏	lou4|lou2
吞	tun1|tian1
纬	wei3
茅	mao2
渠	qu2|ju4
催	cui1
踪	zong1
叛	pan4
浑	hun2
牲	sheng1
杖	zhang4
鞭	bian1
腺	xian4
邪	xie2|ya2|ye2|xu2|she2
欣	xin1
汝	ru3
碳	tan4
彭	peng2|pang2|bang1|peng1
咐	fu4|fu2
椒	jiao1
绳	sheng2
颈	jing3|geng3
漆	qi1|qie4
遥	yao2
夷	yi2
郁	yu4
斑	ban1
忆	yi4
阀	fa2
卑	bei1|bi3|bi4|pi2|ban1
宴	yan4
抑	yi4
逻	luo2
嫁	jia4
扭	niu3|chou3|zhou3|zhou4
胃	wei4
仔	zai3|zi3|zi1
恼	nao3
贪	tan1
兆	zhao4
庸	yong1|yong2
屽	han4|an4
僭	jian4|zen4
疯	feng1
侦	zhen1
鹰	ying1
驶	shi3
斩	zhan3
鹤	he4
猴	hou2
蜂	feng1
瘦	shou4
赐	ci4
闷	men4|men1
柄	bing3
椅	yi3|yi1
轿	jiao4
拓	tuo4|ta4|zhi2
扮	ban4|fen3|fen1|huo3
砂	sha1
傻	sha3
粘	zhan1|nian2
辐	fu2
啥	sha2|sha4
鏄	tuan2
伪	wei3
抛	pao1
玻	bo1
昂	ang2|yang4
圳	zhen4|quan3|chou2|huai2
侨	qiao2
吟	yin2|yin3|jin4
刃	ren4
饱	bao3
吕	lv3
玛	ma3
碱	jian3|xian2
冯	feng2|ping2
仓	cang1
钦	qin1
哼	heng1|hng5
庞	pang2
儒	ru2
叉	cha1|cha2|cha3|cha4
泄	xie4|yi4
臭	chou4|xiu4
艾	ai4|yi4
蓉	rong2
鼠	shu3
祯	zhen1
捧	peng3|feng4
舱	cang1
坝	ba4
芙	fu2
瘤	liu2
勃	bo2
敲	qiao1
帽	mao4
吻	wen3
契	qi4|xie4|qie4|jie2
舟	zhou1
夸	kua1|kua4|kua3
葡	pu2|bei4
剪	jian3
抖	dou3
霸	ba4|po4
艳	yan4
宸	chen2
聪	cong1
仆	pu1|pu2
躺	tang3|tang4
瑶	yao2
谦	qian1
炭	tan4
卧	wo4
袍	pao2|bao4
猫	mao1|miao2|mao2
珊	shan1
溜	liu1|liu4|liu2
漂	piao1|piao4|piao3|biao1
衔	xian2
苍	cang1
坑	keng1|kang4
串	chuan4|guan4|quan4
浆	jiang1|jiang4
碧	bi4
巷	xiang4|hang4
咽	yan4|yan1|ye4|yuan1
铸	zhu4
押	ya1|xia2|jia3
惩	cheng2
迈	mai4
锐	rui4
颤	chan4|zhan4
疲	pi2
滨	bin1
履	lv3
盒	he2|an1
宅	zhai2|che4|du4
喀	ka1|ke4|ke5
饿	e4
缠	chan2
翁	weng1|weng3
幻	huan4
逢	feng2|peng2|pang2
扁	bian3|pian1|bian1|pian2
旱	han4
罕	han3|han4
怜	lian2|ling2|ling3
姻	yin1
蓄	xu4
磷	lin2|lin4|lin3|ling2
惟	wei2|wei3
槸	yi4
帕	pa4|mo4
掠	lve4|lve3
稻	dao4
劫	jie2
撑	cheng1
姿	zi1|zi4
肾	shen4
胀	zhang4
慎	shen4|zhen4
哨	shao4|sao1|xiao1|xiao4|sao4
摔	shuai1
谨	jin3
鹅	e2
丑	chou3
塘	tang2
肺	fei4|pei4
镑	bang4
趁	chen4|zhen1|chen2|nian3|zhen3
蜀	shu3
兑	dui4|rui4|duo2
哦	o2|e2|o4
贞	zhen1
禧	xi3|xi1
葛	ge2|ge3
仲	zhong4
惑	huo4
蔡	cai4|sa4|ca1
踢	ti1|die2
妥	tuo3
筒	tong3|dong4|tong2
诞	dan4
禀	bing3
朴	pu3|piao2|po4|pu1|po1
祀	si4
饼	bing3
萄	tao2
狭	xia2
澶	chan2|dan4|zhan1
杩	ma4
赔	pei2
绵	mian2
诱	you4
卜	bo5|bu3|pu1
陀	tuo2|duo4
呵	he1|ha1|a1|a5|ke1|huo1|a2|a3|a4
抹	mo3|ma1|mo4
疫	yi4
辰	chen2
顽	wan2
蓬	peng2|peng4
摊	tan1
倡	chang4|chang1
浦	pu3
账	zhang4
矩	ju3
翠	cui4
煌	huang2
茂	mao4
畏	wei4|wei1|wei3
劣	lie4
氛	fen1
廉	lian2
鸭	ya1
瓷	ci2
戈	ge1
秩	zhi4
弗	fu2
悔	hui3
尉	wei4|yu4|yun4
挣	zheng1|zheng4
拐	guai3
鼎	ding3|zhen1
芦	lu2|lu3|hu4
睁	zheng1
脾	pi2|pai2|bi4|pi4
聊	liao2|liu2
株	zhu1
枯	ku1|gu1
纱	sha1
幺	yao1|mi4
冻	dong4
唇	chun2|zhen1|zhen4
茫	mang2|huang3
哀	ai1
芬	fen1
轩	xuan1
蛮	man2
醇	chun2
棍	gun4|hun4|ao1|gun3
晕	yun1|yun4
嫂	sao3
宙	zhou4
酷	ku4
郧	yun2
欠	qian4
稷	ji4|ze4
鹏	peng2
孕	yun4
槽	cao2|zao1
栖	qi1|xi1
吩	fen1|pen4
姚	yao2|tiao4|tao2|yao4
昭	zhao1|zhao4
罐	guan4
叠	die2
墩	dun1
盼	pan4|fen2
舆	yu2
芒	mang2|huang1|huang3|wang2
酬	chou2
斥	chi4|che4|zhe4
捐	juan1|yuan2
斋	zhai1
簡	jian3
眠	mian2|mian3|min3
脆	cui4
萧	xiao1
璋	zhang1
皱	zhou4
卿	qing1
蚀	shi2
淋	lin2|lin4
卓	zhuo2|zhuo1
翰	han4
钉	ding1|ding4
棣	di4|ti4|dai4
丫	ya1
宰	zai3
阐	chan3
翅	chi4
沃	wo4
挨	ai1|ai2
霖	lin2
哄	hong3|hong1|hong4
爵	jue2
涔	cen2|qian2|zan4
衫	shan1
逊	xun4
铭	ming2
戚	qi1|cu4
旺	wang4
硕	shuo4
擅	shan4
嫌	xian2
赌	du3
隋	sui2|duo4|tuo3|tuo1
肖	xiao4|xiao1
饶	rao2
沪	hu4
雇	gu4|hu4
罩	zhao4
煎	jian1|jian4|jian3
丐	gai4
掷	zhi4|zhi1
誓	shi4
摘	zhai1
竴	cun1
冤	yuan1
坤	kun1
屁	pi4
竭	jie2
屾	shen1
宛	wan3|yuan1|yun3|yu4
菱	ling2
厌	yan4
矮	ai3
潭	tan2|xun2|yin3|dan4
渊	yuan1
俺	an3|yan4
崖	ya2
氢	qing1
棚	peng2
喇	la3|la2|la1|la5
涵	han2|han4
裕	yu4
溃	kui4|hui4
堵	du3|zhe3|du1
媳	xi2
抄	chao1|suo1|chao4|chao3
鍙	hu4
怔	zheng1|zheng4
蒂	di4
肢	zhi1|shi4
瑜	yu2
泌	mi4|bi4
甫	fu3|fu1|pu3
檐	yan2|dan1
鏈	lian4|lian2
寂	ji4
颠	dian1
撰	zhuan4|xuan3|suan4
逝	shi4
霜	shuang1
羞	xiu1
铅	qian1|yan2
佐	zuo3
帖	tie1|tie3|tie4
硫	liu2|chu4
蹈	dao3
鍦	shi1|she2
瞬	shun4
痕	hen2|gen4
爽	shuang3|shuang1
挽	wan3
禅	chan2|shan4
娶	qu3|ju1|shu1
柯	ke1
屯	tun2|zhun1
韵	yun4
婴	ying1
悦	yue4
肴	yao2
螺	luo2
凑	cou4
兹	zi1|ci2
烛	zhu2|chong2
歼	jian1
毅	yi4
杉	shan1|sha1
慨	kai3
钧	jun1
渗	shen4
蜜	mi4
遮	zhe1
窑	yao2
谐	xie2
厦	sha4|xia4
柜	gui4|ju3
匈	xiong1
喉	hou2
愧	kui4
栽	zai1|zai4
扔	reng1|reng4
苯	ben3
谊	yi4
肆	si4|ti4
霞	xia2
吵	chao3|chao1|miao3|chao4
屼	wu4
笉	qin3
夕	xi1|yi4
壶	hu2
赚	zhuan4|zuan4
尹	yin3|yun2
窄	zhai3
弓	gong1
谭	tan2
盲	mang2
勋	xun1
饲	si4
窟	ku1
俞	yu2|shu4
嗣	si4
煮	zhu3
巾	jin1
裤	ku4
膨	peng2|peng4
奠	dian4|ting2|ding4|zheng4|zun1
瞪	deng4
珞	luo4|li4
愚	yu2
膏	gao1|gao4
喘	chuan3
姜	jiang1
膀	bang3|pang1|pang2|bang4|pang3
蔬	shu1|shu3
糟	zao1
僚	liao2|liao3|lao3
匾	bian3
妄	wang4|wang2
畴	chou2
喂	wei4
沔	mian3
耻	chi3
牺	xi1
旭	xu4
妨	fang2|fang1
硅	gui1|he4
崩	beng1
雌	ci2
陛	bi4
卸	xie4
砸	za2
贩	fan4
竖	shu4
佸	huo2
攀	pan1
晒	shai4
伞	san3
惹	re3|ruo4
裹	guo3
屠	tu2
汁	zhi1|xie2|shi2
擒	qin2
鳞	lin2
佣	yong1|yong4
渴	ke3|jie2|kai4|he2
浣	huan4
叩	kou4
龟	gui1|jun1|qiu1
雀	que4|qiao1|qiao3
掀	xian1|hen2
唉	ai1|ai4|ai3
泼	po1
亥	hai4|jie1
僵	jiang1
屡	lv3
瞒	man2
哊	you4
璇	xuan2
厮	si1
刮	gua1
钩	gou1
桐	tong2|tong1|dong4
谅	liang4
隙	xi4
丞	cheng2|sheng4|zheng1|zheng3
盯	ding1|cheng2
霉	mei2
侄	zhi2
逸	yi4
浸	jin4|qin1
爪	zhao3|zhua3
阙	que1|que4
坟	fen2
咳	ke2|hai1|hai2|gai1
宠	chong3
脖	bo2|bo1
彪	biao1
朕	zhen4
虹	hong2|jiang4|hong4|gong4
衍	yan3|yan2
甸	dian1|dian4|tian2|sheng4|ying4
鳍	qi2
讼	song4
虾	xia1|ha2
芝	zhi1
涛	tao1
巩	gong3
熔	rong2
峻	jun4
怖	bu4
嘿	hei1|mo4|mu4
磕	ke1|ke3
洒	sa3|xi3|xian3|sen3|cui3|xun4
掏	tao1|tao2
枣	zao3
滞	zhi4
鈥	huo3
舅	jiu4
昔	xi1|cuo4
哑	ya3|ya1
焕	huan4
娱	yu2
芯	xin1|xin4
衷	zhong1|zhong4
捞	lao1
卦	gua4
旬	xun2|jun1
矣	yi3|xian2
茨	ci2
蜡	la4|qu4|zha4|ji2
喻	yu4|yu2
挪	nuo2
婶	shen3
琉	liu2
枕	zhen3|chen2
娇	jiao1
豹	bao4
厨	chu2
傲	ao4|ao2
腕	wan4
巢	chao2|chao4
氯	lv4
燥	zao4|sao4
焚	fen2|fen4
乖	guai1
嘱	zhu3
禄	lu4
赠	zeng4
晌	shang3
鍚	yang2
琦	qi2
铃	ling2
雁	yan4
姨	yi2
蹄	ti2|di4
焰	yan4
虏	lu3
鍒	rou2
粑	ba1
饥	ji1
潘	pan1|pan4|bo1|pan2|fan1
兀	wu4|wu1
捏	nie1
缔	di4
歪	wai1|wai3
蕴	yun4
鸦	ya1
嘻	xi1
俯	fu3
锻	duan4
骤	zhou4
庵	an1|yan3|e4
吁	xu1|yu1|yu4
剿	jiao3|chao1
禽	qin2
勉	mian3
膝	xi1
捣	dao3
茎	jing1
晴	qing2
厢	xiang1
匀	yun2|jun1|yun4
灏	hao4
涯	ya2
梨	li2
蒲	pu2|bo2
驼	tuo2
匪	fei3|fei1|fen1
撕	si1|xi1
嗯	n2|ng2|ng3|ng4|n3|n4
樊	fan2|fan4
搏	bo2
缚	fu4
垄	long3
寓	yu4
愣	leng4
斌	bin1
麋	mi2
劈	pi1|pi3
旷	kuang4
舵	duo4
薛	xue1
沸	fei4|fu2
丸	wan2
泳	yong3
绸	chou2
炬	ju4
缴	jiao3|zhuo2
寰	huan2|xian4
贱	jian4
躯	qu1
褐	he4
酶	mei2
嚷	rang3|rang1
拌	ban4|pan1
颂	song4
帜	zhi4
陡	dou3
鍏	wei2
募	mu4|bo2
佑	you4
皖	wan3|huan4
鎴	xi2
绑	bang3
啡	fei1|pei4|pai2|pei1|bai4
仑	lun2
麓	lu4
鏉	shou4|sou1
帘	lian2|chen2
镖	biao1
钠	na4
刹	sha1|cha4
妆	zhuang1
禾	he2
藤	teng2
弊	bi4
痴	chi1
哇	wa5|wa1|gui1|hua2|wa2
凰	huang2
歧	qi2
驴	lv2
铝	lv3
闸	zha2
喃	nan2|nan3
滥	lan4
耍	shua3
桶	tong3
酱	jiang4
惶	huang2
躬	gong1
熬	ao2|ao1
娥	e2
剅	lou2|dou1
啸	xiao4
淘	tao2
裙	qun2
骚	sao1
亨	heng1|xiang3|peng1
勘	kan1
窃	qie4
挫	cuo4|zuo4
凿	zao2|zuo4
塌	ta1|da1
咖	ka1|ga1|jia1
垫	dian4
芽	ya2
凸	tu1
钙	gai4
框	kuang1|kuang4|kuang2
哟	yo1|yo5
翔	xiang2
逮	dai3|dai4|di4
舶	bo2
锥	zhui1
怡	yi2
魄	po4|bo2|tuo4
灶	zao4
浴	yu4
蔽	bi4|bie1|pie1
橡	xiang4
懒	lan3
硝	xiao1|qiao4
晰	xi1
盏	zhan3
赦	she4|ce4
庐	lu2
谕	yu4
鄙	bi3
拂	fu2|bi4|pi4|fei4
菩	pu2|bei4|bo2
栗	li4|lie4
琳	lin2
沼	zhao3
圭	gui1
屿	yu3
砌	qi4|qie4
倚	yi3|ji1|yi1
棵	ke1|kuan3|ke3
瑰	gui1
羲	xi1
酿	niang4|niang2
诈	zha4
锌	xin1
杏	xing4
婉	wan3
沦	lun2
卤	lu3|xi1
躁	zao4
斧	fu3
淳	chun2|zhun1|zhun3
兔	tu4|tu2|chan1
凛	lin3
哎	ai1
阮	ruan3|yuan2
淫	yin2|yan4|yao2
剖	pou1|po3
蕲	qi2
烹	peng1
姥	lao3|mu3
咕	gu1|gu5
蚕	can2|tian3
兜	dou1
璧	bi4
搅	jiao3
帆	fan1|fan2|fan4
暇	xia2|xia4|jia3
趟	tang4|zheng1|zheng4|cheng2|tang1
裸	luo3
購	gou4
粹	cui4|sui4
吼	hou3
哗	hua1|hua2
冀	ji4
呜	wu1
瞻	zhan1
搁	ge1|ge2
乞	qi3|qi4
骇	hai4
炕	kang4|hang1
垮	kua3
拘	ju1|gou1|ju3|ju2
岃	ren4
嵌	qian4|han3|kan4
笛	di2
鹃	juan1
菊	ju2
淀	dian4
肪	fang2
鞍	an1
愉	yu2|tou1|yu3
犬	quan3
弧	hu2
蹲	dun1|zun2|cun2|zun1|cun3|cuan2|qun3
椎	chui2|zhui1
阎	yan2
浏	liu2
诵	song4
烘	hong1
榴	liu2
腥	xing1
裘	qiu2
萝	luo2
颊	jia2
蟹	xie4
灿	can4
摧	cui1|zui4|cuo4
棱	leng2|leng1|ling2|leng4|cheng1
琼	qiong2
骄	jiao1
凄	qi1
怯	qie4
淑	shu1|chu4
梢	shao1|shao4|xiao1|sao4
丙	bing3|bing4
暮	mu4
媚	mei4
钊	zhao1
沫	mo4
糯	nuo4
驳	bo2
崔	cui1
谏	jian4
炳	bing3
畔	pan4
缅	mian3
襟	jin1
锤	chui2
觅	mi4
鍑	fu4
拢	long3
胪	lu2
诀	jue2
奢	she1
苹	ping2|peng1
叮	ding1
榨	zha4
瀹	yue4|yao4
沾	zhan1|tian1|dian4|chan1
傚	xiao4
渝	yu2|yu1
枉	wang3|kuang2
辜	gu1
髓	sui3
坠	zhui4
瑟	se4
棕	zong1
萍	ping2
贿	hui4
泣	qi4|li4|se4
嫣	yan1
峨	e2
憾	han4|dan4
胺	an4|e4
甩	shuai3
陂	bei1|pi2|bi4|po1
寇	kou4
烯	xi1
钓	diao4
瞅	chou3
沧	cang1
坪	ping2
暑	shu3
耸	song3
垒	lei3
傍	bang4|pang2|beng1|peng2
睹	du3
垜	duo3|duo4
薯	shu3
溢	yi4
鏃	zu2|chuo4
谜	mi2|mei4
咋	za3|ze2|zha1|zha4
缁	zi1
嗓	sang3
贬	bian3
窜	cuan4
戟	ji3
葱	cong1|chuang1
屑	xie4
湁	chi4
胚	pei1
犁	li2
莎	sha1|suo1|sui1
囚	qiu2
颖	ying3
诡	gui3
腻	ni4
藩	fan1|fan2
彦	yan4|pan2
勫	fan1
巍	wei1
痒	yang3|yang2
蹇	jian3
芷	zhi3
赣	gan4
湪	tuan4|nuan3
沐	mu4
膊	bo2|po4|lie4
婢	bi4
粤	yue4
喧	xuan1|xuan3
逛	guang4|kuang2
贮	zhu4
恍	huang3|guang1
菇	gu1
諲	yin1
邢	xing2|geng3
绮	qi3
厥	jue2
澄	cheng2|deng4
邵	shao4
耽	dan1
讽	feng3|feng4
衬	chen4
恕	shu4
烫	tang4
毯	tan3
仕	shi4
昼	zhou4
闽	min3
拚	pan4|bian4|fen4|fan1|pin1
勿	wu4|mo4
繖	san3
桓	huan2
钾	jia3
膛	tang2|tang1
歉	qian4
膳	shan4
詹	zhan1|dan4
坎	kan3|kan4
敛	lian3
碌	lu4|liu4|luo4
狄	di2|ti4
沽	gu1|gu3
侮	wu3
垱	dang4
寝	qin3
妾	qie4
嗽	sou4|shuo4|shu4
埔	pu3|bu4
眷	juan4
揪	jiu1
牡	mu3
毙	bi4
荫	yin1|yin4
涡	wo1|guo1
鍐	zong1
桩	zhuang1
锣	luo2
釜	fu3
瀛	ying2
缮	shan4
梳	shu1
揽	lan3
咀	ju3|zui3
雍	yong1
铲	chan3
倦	juan4
岱	dai4
厄	e4|e3
弘	hong2
淤	yu1
尴	gan1
玲	ling2
鎵	jia1
祠	ci2|si4
恳	ken3
粥	zhou1|yu4
衢	qu2
戳	chuo1
秃	tu1
瀑	pu4|bao4|bo2
搂	lou3|lou1
迭	die2|yi4|da2
垃	la1|la5
缸	gang1
郝	hao3|shi4
挠	nao2
莽	mang3|mang2
瑙	nao3
瞄	miao2
粟	su4
跋	ba2|bei4
呐	na4|ne4|na5|nuo4|ne5
歹	dai3|e4|dai1
豚	tun2|dun1|dun4
驿	yi4
圾	ji1|ji2|jie2
胳	ge1|ge2|ga1
魁	kui2|kui3|kuai4
诧	cha4
绒	rong2
鞑	da2
谎	huang3
尬	ga4
陌	mo4
粬	qu1
讳	hui4
蝶	die2|tie1
咒	zhou4
裔	yi4
凳	deng4
梭	suo1|xun4
涅	nie4
杈	cha1|cha4
泻	xie4
苇	wei3
焉	yan1|yi2
娟	juan1
迦	jia1|xie4
巫	wu1
扒	ba1|pa2|bai4|bie2
翊	yi4
敷	fu1
谣	yao2
隅	yu2
撇	pie1|pie3|bie1
凹	ao1|wa1
蚁	yi3
氮	dan4
苑	yuan4|yuan1|yu4|yun4
妓	ji4|ji1
綘	feng2
潇	xiao1
禹	yu3
朽	xiu3
寮	liao2
郢	ying3|cheng2
伽	ga1|jia1|qie2
粪	fen4
诛	zhu1
醋	cu4|zuo4
栋	dong4
谴	qian3
隧	sui4|zhui4
簇	cu4|chuo4|cou4
踩	cai3|kui2
礁	jiao1
庶	shu4|zhu4|zhe1
衮	gun3
笅	jiao3
堕	duo4|hui1
噪	zao4
嘲	chao2|zhao1
濂	lian2|xian3
鲟	xun2
彝	yi2
柬	jian3
斐	fei3
沛	pei4
卞	bian4|pan2
篷	peng2
祁	qi2|zhi3
耿	geng3
嚼	jue2|jiao2|jiao4
宦	huan4
溯	su4|shuo4
黔	qian2
浇	jiao1
敞	chang3|cheng4|zheng4
绞	jiao3
瓣	ban4
傛	yong3|rong2
窦	dou4
蕃	fan1|bo1|fan2|pi2
嶅	ao2|ao4
汰	tai4
鲍	bao4
遏	e4
魅	mei4
槐	huai2
鞘	qiao4|shao1
钞	chao1
徙	xi3|si1
讶	ya4
碟	die2|she2
琐	suo3
琢	zuo2|zhuo2
滤	lv4
嗤	chi1
鐪	lu3
蠢	chun3
锰	meng3
嵋	mei2
篘	chou1
逾	yu2|dou4
弼	bi4
绅	shen1
腑	fu3
瑚	hu2
稽	ji1|qi3
溉	gai4|xie4
宵	xiao1
祈	qi2|gui3
庇	bi4|pi2|pi3
備	bei4
蒿	hao1|gao3
蛛	zhu1
窍	qiao4
勬	juan1
玫	mei2
煞	sha1|sha4
笨	ben4
鸽	ge1
泵	beng4|pin4|liu2
袱	fu2
薇	wei1
捡	jian3
堝	guo1|wo1
拈	nian1|nian3|dian1
驯	xun4|xun2
骡	luo2
肇	zhao4
砰	peng1|ping1|peng4
垣	yuan2
迄	qi4
斟	zhen1
灼	zhuo2
澜	lan2
漕	cao2|cao4
萼	e4
葫	hu2
鏂	ou1|kou1
梗	geng3
洼	wa1|gui1
筷	kuai4
僻	pi4
鳌	ao2
镶	xiang1
捆	kun3|hun2
昧	mei4|wen3|mo4
跺	duo4
棘	ji2
曙	shu3
滄	cang1
阜	fu4
豁	huo1|huo4|hua2
挟	xie2|jia1
睿	rui4
矢	shi3
湛	zhan4|chen2|dan1|tan2|jin4|yin3|chen3|yin2|shen4
酥	su1
眨	zha3
惕	ti4
淹	yan1|yan3
岔	cha4
稼	jia4
邹	zou1
逵	kui2|kui3
灞	ba4
揉	rou2
俭	jian3
蛙	wa1|jue2
匣	xia2
陋	lou4
盔	kui1
羌	qiang1
缆	lan3
聂	nie4
莉	li4|li2|chi2
抒	shu1
痰	tan2
湴	ban4|pan2
慷	kang1
後	hou4
懈	xie4
芜	wu2
琛	chen1
骆	luo4
扳	ban1|pan1
汛	xun4
悍	han4
呕	ou3|ou1|ou4
岀	chu1
虞	yu2
瑕	xia2
酚	fen1
伺	ci4|si4
細	xi4
拽	zhuai1|zhuai4|ye4
羡	xian4|yan2|yi2
鐗	jian3
鍔	e4
蔗	zhe4
滇	dian1|tian2|zhen1
苔	tai2|tai1
彬	bin1|ban1
拇	mu3
冥	ming2|mian2|mian4
鍗	ti2
厕	ce4|si5
絮	xu4|chu4|nv4|na4
藉	ji2|jie4
窥	kui1
羹	geng1|lang2
奕	yi4
閲	yue4
铮	zheng1|zheng4
矶	ji1
夊	sui1
晖	hui1
匕	bi3|pin4
逗	dou4|zhu4|tou2|qi2
傗	chu4
哺	bu3|bu1|fu3
倪	ni2|ni4|nie4
怠	dai4|yi2
瞩	zhu3
窖	jiao4|zao4
檀	tan2|shan4
蕉	jiao1|qiao2|qiao1
缀	zhui4
苕	shao2|tiao2
猿	yuan2
浊	zhuo2
瞥	pie1|bi4
簿	bu4|bo2
璁	cong1
缉	ji1|qi1
皋	gao1|hao2|gu1
魦	sha1|suo1
楠	nan2
萌	meng2|ming2
斡	wo4|guan3
焖	men4
揖	yi1|ji2
祺	qi2
鍥	qie4
烷	wan2
芋	yu4|yu2|xu1|yu3
绽	zhan4
侗	dong4|tong1|tong2|tong3
匙	shi5|chi2
谬	miu4
睦	mu4
橙	cheng2|deng4|chen2
剌	la2|la4
撼	han4
撮	cuo1|zuo3|zui4|zuan1|chua1
熏	xun1|xun4
碾	nian3
亢	kang4|gang1|geng1
垦	ken3|yin2
逍	xiao1
彰	zhang1
佃	dian4|tian2
邑	yi4|e4
梓	zi3
啪	pa1
诰	gao4
嗗	wa1|gu1
驹	ju1
嗡	weng1|weng3
羁	ji1
敝	bi4
汞	gong3
嚣	xiao1|ao2
辫	bian4
蝇	ying2
汹	xiong1
沅	yuan2
惭	can2
蠡	li2|li3|luo3|luo2|li4
墟	xu1
娴	xian2
咧	lie3|lie1|lie4|lie2|lie5
漳	zhang1
滔	tao1
韧	ren4
孢	bao1
缕	lv3
炯	jiong3
涩	se4
嵩	song1
缎	duan4
饷	xiang3
唬	hu3|xiao1|guo2|xia4|hao2
哉	zai1
褰	qian1
鎶	ge1
濒	bin1
峭	qiao4
鳙	yong1
筛	shai1
殉	xun4
嶆	cao2
霎	sha4
椭	tuo3
啤	pi2
咯	ge1|ka3|lo5|luo4|ka1
兘	shi3
婿	xu4
眯	mi1|mi2|mi3|mi4
眶	kuang4
鸪	gu1
珂	ke1
靡	mi2|mi3|ma2
矫	jiao3|jiao2
鍛	duan4
诲	hui4
渤	bo2
闃	qu4
钥	yao4|yue4
肘	zhou3
嘶	si1
孽	nie4
杞	qi3
饵	er3
咚	dong1
敕	chi4|sou1
熷	zeng1
潵	sa3|san4
桨	jiang3
樱	ying1
戎	rong2|reng1
榻	ta4
愕	e4
鮠	wei2
晤	wu4
蔓	man4|man2|wan4
啼	ti2
憋	bie1
鹧	zhe4
笃	du3
侣	lv3
瓙	dao4
懿	yi4|yi1
骸	hai2|gai1
摹	mo2|mo1
磋	cuo1
皂	zao4
嬪	pin2
欎	yu4
咏	yong3
趾	zhi3
吭	keng1|hang2|hang4
翘	qiao4|qiao2
鲤	li3
鎯	lang2|luo3
拣	jian3
骞	qian1
乍	zha4|zuo4
鳄	e4
酯	zhi3
栅	zha4|shan1|ce4
绰	chuo4|chao1
氟	fu2
渣	zha1
鸠	jiu1
娌	li3
锯	ju4|ju1
邱	qiu1
莹	ying2
脓	nong2
闺	gui1
颐	yi2
譬	pi4
钛	tai4
奎	kui2|kui3
揣	chuai1|chuai3|chuai4|duo3|zhui1|tuan2
溅	jian4|jian1
绢	juan4
茸	rong1|rong2|rong3
蜒	yan2|yan4|dan4
笂	wan2
烁	shuo4
畸	ji1|qi2
姝	shu1
棠	tang2
怦	peng1
晦	hui4
瘫	tan1
朔	shuo4
疮	chuang1
蓦	mo4
靶	ba3|ba4
攒	zan3|cuan2
渭	wei4
铀	you2
磅	bang4|pang2|pang1
唾	tuo4
茄	jia1|qie2
蕾	lei3
馨	xin1
廖	liao4|liao2
荤	hun1|xun1
傣	dai3
胥	xu1|xu3
兢	jing1
扛	kang2|gang1
葵	kui2
丕	pi1
舜	shun4
鲨	sha1
闂	hong4|xiang4|juan3
乒	ping1
闄	yao3
逞	cheng3|ying2
诬	wu1
苟	gou3|gou1
廓	kuo4
镍	nie4
槛	kan3|jian4
狡	jiao3|xiao4
牟	mou2|mu4|mao4
鸳	yuan1
俏	qiao4|xiao4|xiao1
芥	jie4|gai4
浼	mei3
裴	pei2|fei2
鐢	fan2
麟	lin2
稚	zhi4
叭	ba1|pa1|ba5
氣	qi4|xi4
鑰	yao4|yue4
悼	dao4
岄	yue4
漓	li2
楞	leng2|leng4
毗	pi2
赎	shu2
倭	wo1|wei1|wo3
変	bian4
玺	xi3
蝉	chan2
憎	zeng1
楷	kai3|jie1|jie4
柑	gan1|qian2
杠	gang1|gang4|gong1
蚊	wen2
妒	du4
馈	kui4
删	shan1
孜	zi1
滃	weng1|weng3
偅	zhong4|chong1|tong2
拙	zhuo1
韬	tao1
祷	dao3
熄	xi1
鸯	yang1
佹	gui3|gui1
樻	kui4
虐	nve4
蒯	kuai3|kuai4
紊	wen3|wen4
酰	xian1
佬	lao3|liao2
翌	yi4
妮	ni1|ni2
蚌	bang4|beng4|pi2|feng1
沁	qin4
侈	chi3
噶	ga2|ge2
剃	ti4
霳	long2
芭	ba1|pa1
烩	hui4
稠	chou2|tiao2|diao4
锭	ding4
娑	suo1|suo3|suo4
胧	long2
琅	lang2|lang4
坞	wu4
褂	gua4
筵	yan2
轧	ya4|zha2|ga2
褶	zhe3|die2|xi2
觑	qu4|qu1
酮	tong2|dong4|chong2
篆	zhuan4
醛	quan2|chuo4
洽	qia4|he2
唧	ji1|jie2
趴	pa1
绉	zhou4
崛	jue2|yu4
嗭	zhi2
圻	qi2|yin2
扼	e4
叨	dao1|dao2|tao1
蒜	suan4
寞	mo4
毡	zhan1
簧	huang2
砥	di3|zhi3
撬	qiao4
煨	wei1|yu4
嫉	ji2
腮	sai1
慑	she4
朦	meng2|mang3
鍘	zha2
閮	ting2|ting3
嗅	xiu4
鲢	lian2
聋	long2
炖	dun4|tun2
酌	zhuo2
冉	ran3|nan2|dan1
嗕	ru4
胤	yin4
攘	rang3|rang4|ning2|xiang3
牒	die2
吱	zhi1|zi1|qi4
嫔	pin2
笙	sheng1
蜿	wan1|wan3
裳	shang5|chang2
碘	dian3
霄	xiao1|xiao4
鏅	xiu1|xiu4
瘾	yin3
捻	nian3|nie1|nian1
乓	pang1
澧	li3
吆	yao1
嶈	qiang1
劾	he2|kai4
瞰	kan4
橘	ju2
澡	zao3|cao1
酋	qiu2
灸	jiu3
竿	gan1|gan4|gan3
梍	zao4
矗	chu4
耙	ba4|pa2
寥	liao2
钝	dun4
蛾	e2|yi3
姹	cha4
籗	zhuo2
勺	shao2|shuo4|zhuo2|di4
庚	geng1
剁	duo4
狩	shou4
隘	ai4|e4
靴	xue1
搓	cuo1|cuo3|chai1
篃	mei4
狸	li2
犲	chai2
讥	ji1
擂	lei2|lei4|lei1
犳	zhuo2
豌	wan1
馒	man2
茬	cha2|chi2
伶	ling2
秭	zi3
戝	zei2
鲸	jing1
苛	ke1|he1
镁	mei3
梵	fan4
傝	tan4|ta4
垛	duo3|duo4
臀	tun2
颌	he2|ge2
颅	lu2
夋	qun1
徊	huai2|hui2
捎	shao1|shao4|shao3|xiao1|qiao4
鎬	hao4|gao3
幢	chuang2|zhuang4
弩	nu3
讧	hong4
咦	yi2|xi1
嘎	ga1|ga2|ga3
鍜	xia2
涕	ti4
俸	feng4|beng3
纂	zuan3
呻	shen1
卯	mao3
嗜	shi4
札	zha2|ya4
榆	yu2
噢	o1|yu3|yu4|ao4
锜	qi2
蔑	mie4
峙	zhi4|shi4
虘	cuo2
姬	ji1|yi2
萎	wei1|wei3|wei4
绷	beng1|beng3|beng4
赂	lu4
蚂	ma3|ma4|ma1
戮	lu4
瓮	weng4
蹦	beng4
穗	sui4
肋	le1|lei4|le4|jin1
壕	hao2
辇	nian3
陇	long3
椰	ye1
氓	mang2|meng2
蟾	chan2
勮	ju4
辕	yuan2
恃	shi4|zhi4
狈	bei4
孵	fu1
嘟	du1
濮	pu2
熸	jian1
粱	liang2
袜	wa4|mo4
浚	jun4|xun4|cun2
刨	pao2|bao4
蛟	jiao1
栈	zhan4
筝	zheng1
箢	yuan1|wan3
閭	lv2
铬	ge4
惺	xing1
糍	ci2
兮	xi1
蕊	rui3|juan3
褚	chu3|zhe3|zhu3
涝	lao4
潼	tong2|chong1|zhong1
驸	fu4
黛	dai4
繕	shan4
箍	gu1
匡	kuang1|wang1
勪	jue2
闈	wei2
椁	guo3
梧	wu2|wu4|yu3
庢	zhi4
嬫	rong2
惮	dan4
胰	yi2
擎	qing2
绥	sui2
荧	ying2
拗	ao3|ao4|niu4|yu4
啃	ken3
弛	chi2
匿	ni4|te4
蟠	pan2|fan2
寅	yin2
疹	zhen3|chen4
枭	xiao1
殡	bin4
噷	hm5|xin1|hen1
尧	yao2
悖	bei4|bei3
桦	hua4
骼	ge2
呛	qiang1|qiang4
繀	sui4|cui3
勯	dan1
黯	an4|an1
赃	zang1
茵	yin1
褪	tui4|tun4
甬	yong3|dong4
挚	zhi4
嗔	chen1|tian2
澈	che4
鐫	juan1
毋	wu2|mou2
拴	shuan1|quan2
啗	dan4
倏	shu1
帷	wei2
嗦	suo5|suo1
淙	cong2|shuang4
闀	hong4
蘑	mo2
夔	kui2
羚	ling2
屎	shi3|xi1
搀	chan1
閬	lang4|lang3|liang3
袄	ao3
岚	lan2
鑳	jian4
埌	lang4
沮	ju3|ju1|ju4|jian1|zu3
挎	kua4|ku1|kou1
侥	jiao3|yao2
箫	xiao1
醚	mi2
瀵	fen4
腌	yan1|a1|ang1
埠	bu4
搴	qian1
潃	xiu3
砾	li4
竣	jun4
睐	lai4
栓	shuan1|shuan4|quan2
龢	he2
秽	hui4
焊	han4
垬	hong2
禺	yu2|yu4
煽	shan1
攸	you1
琵	pi2
璺	wen4
睬	cai3
冢	zhong3
捶	chui2|duo3
诣	yi4
剔	ti1|ti4
拧	ning2|ning3|ning4
砚	yan4
捂	wu3|wu2
邸	di3
熠	yi4
娉	ping1|pin4
欏	luo2|luo3
眩	xuan4|huan4|juan4
犀	xi1
橱	chu2
汴	bian4
漩	xuan2
鏀	lu3
嗘	ji1
勭	tong2|dong4
馔	zhuan4
锈	xiu4
濡	ru2|ruan3|er2|nuan2|nuo4
璐	lu4
诫	jie4
炊	chui1
榄	lan3
哮	xiao1|xiao4|xue1
冕	mian3
酵	jiao4
澹	dan4|tan2|dan1|shan4
瞿	qu2|ju4|ji2
琶	pa2
惫	bei4
酣	han1|han4
墮	duo4|hui1|hui4
筏	fa2
撩	liao1|liao2|liao3|lao4|liao4
鏍	luo2
龚	gong1
谍	die2
沥	li4
掳	lu3
欐	li4|li3
虔	qian2
掣	che4
萤	ying2
鐜	dui1|dun1
迥	jiong3
柿	shi4
涘	si4
琪	qi2
婷	ting2
獾	huan1|quan2
柩	jiu4
鹊	que4
忿	fen4
炽	chi4
貂	diao1
戊	wu4
噗	pu1
羟	qiang3
鐒	lao2
嘘	xu1|shi1
辍	chuo4
窒	zhi4|die2
淌	tang3|chang4|chang3
迸	beng4
暱	ni4
耆	qi2|zhi3|shi4
涤	di2
緱	gou1
贻	yi2
缰	jiang1
噬	shi4
縻	mi2
甄	zhen1|zhen4|juan4
崭	zhan3
阄	jiu1
祟	sui4
祐	you4
衅	xin4
蝴	hu2
樺	hua4
唆	suo1|shua4
堑	qian4
亯	xiang3
烃	ting1
嶄	zhan3|chan2
蹬	deng1|deng4
恪	ke4
竺	zhu2|du3
拷	kao3
绎	yi4
捅	tong3
驷	si4
谟	mo2
疤	ba1
颓	tui2
渺	miao3
戜	die2
黏	nian2
婊	biao3
谌	chen2
裏	li3
嬩	yu2
椿	chun1
胈	ba2
鑷	nie4
菑	zai1|zi1|zi4
忒	te4|tui1|tei1
哽	geng3|ying3|ying4|ng2|n2
绊	ban4
篡	cuan4
禰	mi2|ni3|xian3
镂	lou4
侃	kan3
拰	nin3
涧	jian4
囧	jiong3
庝	tong2
糙	cao1
躇	chu2|chuo4
佷	hen3|heng2
啄	zhuo2|zhou4
钨	wu1
淞	song1
庡	yi3
珑	long2
鬓	bin4
枫	feng1
毓	yu4
拭	shi4
雏	chu2
卉	hui4
拯	zheng3
疙	ge1|yi4
釉	you4
徘	pai2
甭	beng2|qi4
綋	hong2
踌	chou2
笺	jian1
炫	xuan4
蚣	gong1|zhong1
苷	gan1
绾	wan3
妊	ren4|ren2
踵	zhong3|zhong4
戍	shu4
墅	shu4|ye3
茧	jian3|chong2
阉	yan1
辙	zhe2
咄	duo1
滕	teng2
瘩	da1|da5|da2
惰	duo4|tuo2
嚭	pi3
犱	ji3
盎	ang4
箔	bo2
抉	jue2
烙	lao4|luo4
籽	zi3
姗	shan1
垢	gou4
氬	ya4
屉	ti4
驮	tuo2|duo4
腋	ye4
掐	qia1
噜	lu1
崎	qi2|qi3|yi1
陨	yun3
钵	bo1
槦	yong1
暨	ji4|jie4
曝	pu4|bao4
仞	ren4
夯	hang1|ben4
钳	qian2
帛	bo2
蓟	ji4
蜈	wu2
镐	gao3|hao4
嚎	hao2
懦	nuo4
湍	tuan1|zhuan1
瑛	ying1
鐩	sui4
肽	tai4
秤	cheng4|cheng1|ping2
澎	peng1|peng2
傀	gui1|kui3|kuai4
咙	long2
钴	gu3
扈	hu4
遁	dun4|qun1|xun2
阱	jing3
幌	huang3
踉	liang2|liang4|lang2|lang4
圃	pu3
萃	cui4
汀	ting1|ting4|ding4
栎	li4|yue4
窘	jiong3
叱	chi4|hua4|e2
蠕	ru2
溺	ni4|ruo4|niao4
佟	tong2
懊	ao4|yu4
夎	cuo4
锄	chu2
橄	gan3
跷	qiao1
骏	jun4
恤	xu4
讹	e2
汾	fen2|pen2|fen1
佚	yi4|die2
睫	jie2|she4
蝎	xie1|he2
鳖	bie1
棰	chui2|duo3
繃	beng3|beng1|beng4
哆	duo1|chi3|zha4|chi4|duo4|die3
咪	mi1|mi3|mie1|mai3
珀	po4
滀	chu4|xu4
儡	lei3|lei2|lei4
嫡	di2
笋	sun3
啷	lang1
馋	chan2
馏	liu2|liu4
叽	ji1|jiao4
紟	jin1|jin4
闵	min3
纨	wan2
蛤	ha2|ge2|ha1|e2
蔚	wei4|yu4
劧	zhi3
娠	shen1
铖	cheng2
眺	tiao4
淇	qi2
嗐	hai4
芸	yun2|yun4
熶	cuan4
跄	qiang1|qiang4
钗	chai1
鎸	juan1
蝗	huang2
拎	lin1|ling1
蹭	ceng4|ceng2
姘	pin1|pin2
紶	qu1|qu3
踱	duo2|chuo4
哧	chi1|xia4|he4
汲	ji2|ji1
槎	cha2
馍	mo2
鳔	biao4
嶇	qu1
饺	jiao3
呰	zi3|ci1|ji1|xi4
矾	fan2
掺	can4|chan1|shan3
磺	huang2|kuang4|gong3
莺	ying1
庑	wu3
踞	ju4
脯	pu2|fu3
楀	yu3
滆	ge2
髦	mao2
痪	huan4|tuan3
娲	wa1
壬	ren2
渎	du2
谒	ye4
珈	jia1
踁	jing4|keng1
鍓	ji2
奄	yan3|yan1
锺	zhong1
痹	bi4
撳	qin4
扉	fei1
婂	mian2
靛	dian4
迂	yu1
佺	quan2
棂	ling2
麝	she4
谛	di4
涟	lian2
彲	chi1
枷	jia1|jia4
貜	jue2
氖	nai3
酝	yun4
旌	jing1
熹	xi1
呸	pei1
簨	sun3|zhuan4
掇	duo1|duo2|zhuo1
於	yu2|yu1|wu1
鶴	he4
簌	su4
甯	ning2|ning4
曳	ye4
鏋	man3
咎	jiu4|gao1
喽	lou2|lou5
捍	han4|xian4|gan3
搔	sao1|sao4
锏	jian3|jian4
陙	chun2
沂	yi2|yin2
揩	kai1|jia2
蟆	ma2|mo4
喵	miao1
湅	lian4|lan4
鏁	suo3
刁	diao1
汶	wen4|wen2|min2|men2
糜	mi2|mei2
椂	lu4
圪	ge1|yi4
庹	tuo3
绗	hang2
辗	nian3|zhan3
箕	ji1
夌	ling2
掖	ye1|ye4
閫	kun3
癫	dian1
捋	lv3|luo1
稣	su1
楹	ying2
鳃	sai1
箣	ce4
锚	mao2
孰	shu2
跻	ji1
踅	xue2|chi4
蟒	mang3|meng3
畲	she1
绛	jiang4
篱	li2
晏	yan4
噩	e4
洺	ming2
胱	guang1
诘	ji2|jie2
苓	ling2|lian2
缭	liao2
疚	jiu4
嘀	di2|zhe2|di1
夭	yao1|wo4|wai1
婪	lan2|lan3
憨	han1
黝	you3|yi1
鳇	huang2
捺	na4
珰	dang1
鱿	you2
蛔	hui2
猩	xing1
忓	gan1|han4
炙	zhi4
鑻	pan4
赘	zhui4
瑾	jin3|jin4
愬	su4|se4
衲	na4
峪	yu4
蹿	cuan1
钡	bei4
吠	fei4
氽	tun3|qiu2
饪	ren4
瘟	wen1|wo4|yun1
鬟	huan2
磐	pan2
囨	pian1
轶	yi4
鎰	yi4
鰁	quan2
迢	tiao2
肛	gang1
殴	ou1
遐	xia2
孺	ru2
嬉	xi1|xi3
汕	shan4|shuan4
翩	pian1
俌	fu3
婲	hua1
楂	zha1|cha2
偕	xie2|jie1
亾	wang2
铿	keng1
骰	tou2|gu3
蝠	fu2
樟	zhang1
宕	dang4
柟	nan2|ran2
褥	ru4|nu4
沓	da2|ta4
鸾	luan2
钒	fan2
霓	ni2
漱	shu4
悴	cui4
绚	xuan4
蚓	yin3
檬	meng2
猾	hua2
皓	hao4|hui1
焘	dao4|tao1
俑	yong3
腓	fei2
疡	yang2
猖	chang1
邺	ye4|qiu1
赈	zhen4
塽	shuang3
葺	qi4
惚	hu1
唔	wu2|wu4|ng2|m2|n2
嚜	me5|mei4|ma5
矜	jin1|qin2|guan1
苞	bao1|pao2|biao1
忡	chong1
傜	yao2
悓	qian4
麒	qi2
汊	cha4
玮	wei3
髯	ran2
妞	niu1|hao4
麽	mo2|ma2|ma5|me5
惴	zhui4|chuan3|gua4
岑	cen2
溴	xiu4|chou4
鍖	chen3|zhen1
臼	jiu4
悯	min3
楁	he2
袅	niao3
倔	jue2|jue4
栧	yi4
萐	sha4
佽	ci4
兂	zan1
臻	zhen1
戞	jia2
赁	lin4
瓢	piao2
驭	yu4
淄	zi1
伎	ji4|zhi4|qi2|qi4
霆	ting2
戠	zhi1|zhi2
膺	ying1
窿	long2
彤	tong2
熺	xi1
昕	xin1|xuan1
抨	peng1|beng1
磴	deng4|deng1
邯	han2|han4
桅	wei2|gui3
韶	shao2
涎	xian2|yan4|dian4
帚	zhou3
阪	ban3
泗	si4
鎷	ma3
槌	chui2|zhui4|dui1
嗟	jie1|jie4|jue1
儴	rang2|xiang1
淖	nao4|zhao4|zhuo1|chuo4
筐	kuang1
鎺	zu3
麾	hui1
泾	jing1
鵞	e2
睾	gao1|hao4
嬶	bi2
菠	bo1
檲	tuan2
谥	shi4
雯	wen2
荔	li4
媛	yuan4|yuan2
糠	kang1
渍	zi4
噎	ye1|yi4|sha4
渲	xuan4
孚	fu2
啧	ze2
杵	chu3
斿	you2|liu2
煶	shi4
嗒	da1|ta4|da5
績	ji1
胯	kua4|kua3
纶	lun2|guan1
仡	ge1|yi4|wu4
鳝	shan4
娆	rao2|rao3
蚯	qiu1
螭	chi1
鐭	yu4
昙	tan2|yu4
巅	dian1
嬷	ma1|mo2
忖	cun3
徭	yao2
渚	zhu3
漪	yi1
茯	fu2
榕	rong2
秆	gan3
轛	zhui4
鲇	nian2
溥	pu3|fu1|bu4|bo2|po4
甥	sheng1
孳	zi1
菏	he2|ge1
骮	yi4
娼	chang1
氦	hai4
瞳	tong2
迩	er3
镀	du4
霹	pi1
煲	bao1
蜘	zhi1
樼	zhen1
绐	dai4
跤	jiao1|qiao1
萱	xuan1
巳	si4|yi3
缙	jin4
偃	yan3
莞	guan3|wan3|guan1
勶	che4
呭	yi4
孴	ni3|ni4|yi4
龕	kan1|ke4
斓	lan2
忱	chen2|dan4
鹘	gu3|hu2
鳅	qiu1
鐐	liao2
蔼	ai3
墠	shan4|chan3
臽	xian4
帧	zhen1|zheng4
俨	yan3
蝌	ke1
鑴	xi1|hui1
镏	liu2|liu4
褒	bao1
蜕	tui4|yue4
蹙	cu4
嗳	ai1|ai3|ai4
奲	duo3|che3
陲	chui2
硼	peng2|peng1
姣	jiao1|jiao3|xiao2
痉	jing4
壑	he4|huo4
梆	bang1
亸	duo3
绯	fei1
妸	e1|e3
癸	gui3
抿	min3
槟	bin1|bing1
蹂	rou2|rou3
躏	lin4
嘈	cao2
鞠	ju1|qu1|qiong1
挛	luan2
螅	xi1|ci4
桔	ju2|jie2|xie2
殆	dai4
悗	man2|men4
悸	ji4
幓	shan1|shen1|qiao1
椋	liang2
沱	tuo2|duo4|chi2
秧	yang1
憔	qiao2
雳	li4
亟	ji2|qi4
俾	bi3|bi4|bei1|pi4
撵	nian3
讪	shan4
鍊	lian4|jian4
惦	dian4
栦	chou2
氐	di1|di3|zhi1
淆	xiao2
锂	li3
嗖	sou1|su4|sou4
戣	kui2
铐	kao4
祛	qu1
戌	xu1|qu5
镰	lian2
鍝	yu2
榭	xie4
婃	cong2
纭	yun2
舷	xian2
堟	zhuan4
烽	feng1
幡	fan1
撂	liao4
簩	lao2
洄	hui2|hui4
祚	zuo4
佯	yang2
蔷	qiang2
瘀	yu1
劻	kuang1
讷	ne4
彧	yu4
胄	zhou4
樵	qiao2
濆	fen2|pen1
冨	fu4
黜	chu4
嚓	ca1|cha1
藓	xian3
湡	yu2
幔	man4
绶	shou4
畿	ji1
忔	qi4|yi4
骁	xiao1
醴	li3
笆	ba1
靼	da2
蹊	qi1|xi1
粽	zong4
亘	gen4|xuan1|geng4
袒	tan3|zhan4
恻	ce4
繬	se4
绫	ling2
镯	zhuo2
娓	wei3
張	zhang1|zhang4
踊	yong3
奚	xi1
阖	he2
愭	qi2
挝	wo1|zhua1
簬	lu4
匮	kui4|gui4
湃	pai4|ba2
箞	qian1
簪	zan1|zan3
獗	jue2
秸	jie1|ji2
钀	nie4|yi3
殃	yang1
俐	li4
蘸	zhan4
磊	lei3
颍	ying3
榷	que4
椤	luo2
胭	yan1
绌	chu4
晾	liang4
椾	jian1|zhan4
祎	yi1
絾	cheng2
坯	pi1|huai4
谚	yan4
鸱	chi1
柠	ning2|chu3|zhu4
笈	ji2
谙	an1
荃	quan2|chuo4
抠	kou1
栫	jian4|zun4
櫘	hui4
湗	feng4
痊	quan2
漉	lu4
蹑	nie4
墦	fan2|fan1
紵	zhu4|shu1
穹	qiong2|qiong1|kong1
傞	suo1
喳	zha1|cha1|zha5
谩	man2|man4
怂	song3
钯	ba3|pa2
滅	mie4
炲	tai2
猝	cu4
郅	zhi4|ji2
虱	shi1
恁	nen4|ren4|nin2
樹	shu4
衁	huang1
嗨	hai1|hei1
涣	huan4|hui4
燎	liao2|liao3|liao4
哝	nong2
肮	ang1|hang2|gang1
髻	ji4|jie2
迤	yi2|yi3|tuo2
峦	luan2
偎	wei1
锢	gu4
荀	xun2
歆	xin1
璘	lin2
绔	ku4
缪	mou2|miao4|miu4
娩	mian3|wan3|wen4
彗	hui4|sui4
欒	luan2
汵	gan4|han2|cen2
錘	chui2
闊	kuo4
钼	mu4
醌	kun1
怅	chang4
擢	zhuo2
龋	qu3
酉	you3
镞	zu2
谑	xue4
帀	za1
簸	bo3|bo4
馅	xian4
喏	nuo4|re3
诠	quan2
馷	pei4
迳	jing4
鲵	ni2
钮	niu3
盅	zhong1|chong1
煦	xu4|xiu1
坍	tan1
舔	tian3|tan1
浒	hu3|xu3
哒	da2|da1
嗚	wu1|wu4
舂	chong1|chuang1|zhong1
犵	ge1|he2
飕	sou1
嫖	piao2|piao4|biao1
盂	yu2
唠	lao2|lao4
芾	fei4|fu2
鑫	xin1|xun4
懵	meng3|meng4
狞	ning2
笠	li4
濠	hao2
漾	yang4
闩	shuan1
惘	wang3
欑	cuan2|zuan4
犺	kang4|gang3
鍟	sheng1
耘	yun2
瘴	zhang4
泸	lu2
谝	pian2|pian3
掰	bai1
蛹	yong3
皎	jiao3
儏	can4
剰	sheng4
鄱	po2|pi2|pan2
嗙	pang3|beng1|bang4
晁	chao2|zhao1|chao4
寐	mei4
蕨	jue2
芹	qin2
顣	cu4
堜	lian4
饬	chi4
瞟	piao3|piao4|piao1
粈	rou2
墜	zhui4
戛	jia2|ga1
恙	yang4
蚪	dou3
涿	zhuo1|zhuo2
浃	jia1
婏	fan4|fu4
桕	jiu4
亵	xie4
纣	zhou4
掂	dian1
珪	gui1
潰	kui4|xie4
濇	se4
翡	fei3
郸	dan1
煊	xuan1
嬬	ru2|nou4
裟	sha1
铂	bo2
痢	li4
赡	shan4
荪	sun1
茉	mo4
辏	cou4
檄	xi2
蹋	ta4
榛	zhen1
抡	lun1|lun2
嚑	xun1
熜	cong1|zong3
赍	ji1
焯	chao1|zhuo1|zhuo2|chuo4
忎	ren2
疟	nve4|yao4
欙	lei2|luo3
铢	zhu1
恺	kai3
诃	he1
鼾	han1
吮	shun3
垎	he4
庣	tiao1
珮	pei4
渥	wo4|ou4|wu1
饴	yi2
咫	zhi3
铣	xi3|xian3
褢	huai2
邬	wu1
夥	huo3
瓒	zan4
垩	e4|sheng4
汐	xi1
馐	xiu1
贰	er4
颯	sa4|li4
鹄	gu3|hu2
凋	diao1
眸	mou2
荼	tu2|cha2|ye2|shu1
螨	man3
棤	cuo4
眽	mo4|mi4
蜰	fei2|fei4
酪	lao4|luo4|lu4
剐	gua3
悻	xing4
拄	zhu3
粠	hong2
蒽	en1
鲥	shi2
谄	chan3
吝	lin4
雉	zhi4|kai3|yi3|si4
缨	ying1
悚	song3
栩	xu3|yu3
膥	cun1
劍	jian4
愪	yun2
狙	ju1
偌	ruo4|re4
榈	lv2
氭	dong1
瘽	qin2
骋	cheng3
呱	gu1|gua1|gua3
珩	hang2|heng2
谶	chen4
跛	bo3|bi4|po1
憩	qi4
嬮	yan1|yan4
攥	zuan4
鹦	ying1
蝙	bian1|pian2
鍋	guo1|guo3
恣	zi4
苻	fu2|pu2
辄	zhe2
娄	lou2
蜗	wo1
筽	ou1|wu2
粳	jing1
褠	gou1
砷	shen1
羔	gao1
霏	fei1
婁	lou2|lv3|lv2|lei2
碉	diao1
笢	min3
篓	lou3
晔	ye4
匝	za1
涸	he2
绠	geng3
枃	jin4
熻	xi1
綔	hu4
肄	yi4|si4
敖	ao2|ao4
棩	yuan1
鑲	xiang1|rang2
俟	qi2|si4
蛊	gu3
骈	pian2
撅	jue1|jue4|jue2|gui4
锑	ti1
鸥	ou1
楔	xie1|xie4
皿	min3|ming3
皬	he2
咔	ka1|ka3|nong4
撶	hua2
埙	xun1
晟	cheng2|sheng4|jing1
龛	kan1
岋	e4|ji2
缈	miao3
錧	guan3
氰	qing2
岷	min2
崄	xian3
砺	li4
惬	qie4
滦	luan2
觐	jin4
鎭	zhen4
弈	yi4
姩	nian4|nian2
蟮	shan4
骅	hua2
莼	chun2
罡	gang1
袈	jia1
牱	ge1
蜥	xi1
氫	qing1
牍	du2
攫	jue2
涗	shui4
擞	sou3|sou4
撲	pu1|bu3
鳜	gui4
卅	sa4
佼	jiao3|jiao1|xiao2
谤	bang4
飚	biao1
荻	di2
缄	jian1
蛭	zhi4
焙	bei4
喙	hui4|zhou4
雹	bao2
兖	yan3
棶	lai2
嗷	ao2
沌	dun4|zhuan4|tun2|chun2
溂	la4
踝	huai2
翟	di2|zhai2
忏	chan4|qian3|qian1
椹	shen4|zhen1
踹	chuai4|shuan4|duan4|chuan3
皈	gui1
涞	lai2
侏	zhu1|zhou1
恬	tian2
琚	ju1
呮	qi4|zhi1
诅	zu3
撴	dun1
炀	yang2
啰	luo1|luo2|luo5
摺	zhe2|la1|xie2
鍧	hong1
餢	bu4
鼐	nai4
谀	yu2
冗	rong3
妗	jin4|xian1
岘	xian4
诙	hui1
塾	shu2
阑	lan2
犊	du2
搐	chu4
熼	yi4
皵	que4
钑	sa4
鲛	jiao1
俅	qiu2
桁	heng2|hang2|hang4
龅	bao1
薰	xun1
嬭	nai3|er3|ni4
崚	leng2|ling2
榘	ju3
缢	yi4
戾	li4
俔	qian4|xian4
痘	dou4
辔	pei4
懡	mo3
玹	xuan2|xuan4|xian2
芍	shao2|xiao4|que4|di4
纰	pi1
帻	ze2
搪	tang2
俚	li3|li4
龈	ken3|yin2
洟	ti4
粰	fu2|fu1
闆	ban3|pan3
鳊	bian1
闾	lv2
斾	pei4
舀	yao3
闫	yan2
聆	ling2
憧	chong1|zhuang4
惋	wan3
幇	bang1
蟀	shuai4
鎮	zhen4|zhen1|tian2
鞯	jian1
鳗	man2
昵	ni4|ni3|zhi4
栨	ci4
桧	gui4|hui4
紑	fou2
揍	zou4|cou4
讫	qi4
臧	zang1|cang2|zang4
圩	wei2|xu1|yu2
臊	sao1|sao4
铎	duo2
隗	kui2|wei3|gui1
勩	yi4
峒	dong4|tong2
缤	bin1
飙	biao1
嗛	qian3|xian2|qian4|qian1|qie4
骷	ku1
闰	run4
钰	yu4
岖	qu1
诽	fei3
輯	ji2
妍	yan2
艮	gen3|gen4|hen2
垚	yao2
嫘	lei2
枸	gou3|gou1|ju3|qu2
煡	jin4
茗	ming2
虬	qiu2
睙	lie4
邰	tai2
鏌	mo4
茹	ru2
侀	xing2
癖	pi3
饔	yong1
瑁	mao4
峣	yao2
恿	yong3|tong1
螾	yin3|yin2
堢	bao3
旀	mei4
僮	tong2|zhuang4|chong4
绦	tao1
杬	yuan2|yuan4
鍩	tian3|nuo4
鞈	ge2|sa3|ta4
鲶	nian2
隨	sui2
铳	chong4
淬	cui4|zu2
峁	mao3
翂	fen1
吡	bi3|bi4|pi3
毂	gu3|gu1
岐	qi2
嘤	ying1
坷	ke3|ke1|jiong1
荚	jia2
涪	fu2|pou2
猇	xiao1
粡	tong2
隽	juan4|jun4
猷	you2
咆	pao2
恸	tong4
苫	shan1|shan4|tian1|chan1
蜷	quan2|juan3
璞	pu2
彷	pang2|fang3|fang2
氳	yun1
芰	ji4
铠	kai3
曦	xi1
崽	zai3
嫦	chang2
瞭	liao3|liao4
髅	lou2
炔	gui4|que1|xue4
唷	yo1|yu4
櫙	ou1
涙	lei4
緢	miao2|mao2
鲌	ba4|bo2
齹	ci1|cuo2
佞	ning4
轼	shi4
銮	luan2
奘	zang4|zhuang3
脐	qi2
埂	geng3
崆	kong1
疄	lin4|lin2
绱	shang4
刎	wen3
誊	teng2
櫧	zhu1
羧	suo1|zui1
荟	hui4
倩	qian4|qing4
楝	lian4
睽	kui2|kui4|ji4
烬	jin4
饯	jian4
尯	kui4|kui3
楃	wo4
颚	e4
岬	jia3|jia2
谆	zhun1
唑	zuo4|shi4
涢	yun2
眰	die4|zhi4
啶	ding4
琏	lian3
憬	jing3
鹗	e4
庖	pao2
猬	wei4
嫳	pie4
繘	yu4|jue2
忾	kai4|qi4
婄	pou3|pei2|bu4
橹	lu3
闅	wen2
鲩	huan4
暄	xuan1
簯	qi5
潢	huang2|huang4|guang1
庤	zhi4
飒	sa4
箐	qing4|jing1|qiang1
叵	po3
戯	hu1|xi4
獭	ta3
胫	jing4
鹉	wu3
痔	zhi4
呗	bei5|bai4
峞	wei2|wei3
缥	piao1|piao3
豢	huan4
硚	qiao2
蔔	bo2|bo5
霈	pei4
殓	lian4
邃	sui4
锵	qiang1
潦	lao3|liao2|lao4|lao2|liao3
氱	yang3
纫	ren4
缂	ke4
罂	ying1
郃	he2|xia2
铵	an3
猕	mi2
宥	you4
嶯	ji2
虻	meng2
潞	lu4
瘠	ji2
嶉	cui1|zui3
鳎	ta3
囤	dun4|tun2
疱	pao4
萦	ying2
潹	chan2
牦	mao2
眈	dan1|chen3
織	zhi1|zhi4
闟	xi4|se4|ta4
腆	tian3
罔	wang3|wang2
媲	pi4|bi1|pi2
夐	xiong4|xuan4
樿	shan4
呬	xi4|chi4
堣	yu2
滈	hao4|xue4
弽	she4
満	man3
莆	pu2|fu3
饕	tao1
孛	bei4|bo2
洿	wu1|hu4
臾	yu2|yu3|yong3|kui4
缇	ti2
莅	li4
鐏	zun1
螂	lang2
瀚	han4
隼	sun3
瞌	ke1
賬	zhang4
愶	xie2
痣	zhi4
蒴	shuo4
柚	you4|you2|zhou2
锹	qiao1
瓯	ou1
弋	yi4
圜	huan2|yuan2
炴	yang3
绻	quan3
臆	yi4|yi3
嚏	ti4
弁	bian4|pan2
诳	kuang2
铡	zha2
嚫	chen4
庯	bu1
敓	duo2
栉	zhi4
喋	die2|zha2|qie4
坳	ao4|ao1|you3
狰	zheng1
獐	zhang1
瘸	que2
娣	di4
囦	yuan1
摒	bing3|bing4
榔	lang2|lang3
湵	you3
裨	bi4|pi2
蟋	xi1
镌	juan1
狻	suan1|xun4|jun4
睢	sui1|hui1|wei3
蛀	zhu4
楄	pian2
藐	miao3|mo4
郠	geng3
睑	jian3
疽	ju1|ju3
啀	ai2
啐	cui4|zu2|za2|e4|chuai4
韭	jiu3
镉	ge2
艿	nai3|reng2|reng4
羯	jie2
浐	chan3
镣	liao4
瘪	bie3|bie1
壇	tan2|shan4|dan4|tan3
狲	sun1
笁	zhu2
黍	shu3
楣	mei2|mei3
徵	zheng1|zhi3|cheng2
蚜	ya2
妫	gui1
橈	rao2|nao2
欓	dang3|tang3
鹫	jiu4
盹	dun3|zhun1
忐	tan3|keng3
憳	tan3
鍢	fu4
鐧	jian1|jian3
廿	nian4
氲	yun1|yun2
鹞	yao4
橇	qiao1
婅	ju2
斺	chan3|jie4
窡	zhuo2
荞	qiao2
鑵	guan4
茜	qian4|xi1
颉	jie2|xie2
屹	yi4|ge1
葑	feng1|feng4
搠	shuo4
瀃	si4
燧	sui4
瑧	zhen1
箩	luo2
俪	li4
嚅	ru2
墍	xi4
蛓	ci4
裇	xu1
飓	ju4
偻	lou2|lv3
啮	nie4
噸	dun1
掸	dan3|shan4
旇	pi1|bi4
耦	ou3
坃	xun1
犒	kao4
鐞	nou4
雒	luo4
骥	ji4
濅	jin4
蟸	li3
鐙	deng4|deng1
摞	luo4
呯	ping2
堬	yu2
崂	lao2
彂	fa1
鐑	qie4
槃	pan2
闳	hong2
桢	zhen1
竦	song3
囱	cong1|chuang1
湮	yan1|yin1
庋	gui3|gui4
沏	qi1|qie4
濓	lian2
鎻	suo3
颏	ke1|ke2
冪	mi4
咂	za1
楋	la4
竷	kan3|kan4
嚬	pin2
洮	tao2|yao2|dao4
匍	pu2
呷	ga1|xia1|xia2|jia3
辘	lu4
潍	wei2
鍍	du4
轭	e4
嗫	nie4
曞	li4
潻	shu3
鸵	tuo2
蠹	du4
翎	ling2
罄	qing4
嗬	he1
涚	shui4
飧	sun1
珟	su4
缱	qian3
籁	lai4
叞	wei4
哂	shen3
琥	hu3
鬃	zong1
侊	guang1
啬	se4
辂	lu4
瘢	ban1
笞	chi1
忑	te4|dao3
鲈	lu2
鏇	xuan4|xuan2
昇	sheng1
慛	cui1
濞	bi4|pi4
炵	tong1
缫	sao1
暧	ai4|nuan3
匐	fu2
蚤	zao3|zhao3
夙	su4
斫	zhuo2|chuo4
湄	mei2
艄	shao1|shao4
郓	yun4
桀	jie2
阈	yu4
痞	pi3
镗	tang1|tang2
悜	cheng3
蛆	qu1|ju1
腼	mian3
瞑	ming2|meng2|mian2
霭	ai3
徨	huang2
痈	yong1
鹭	lu4
柞	zha4|zuo4|ze2
捱	ai2|ai1
碛	qi4
婀	e1|e3
洱	er3
趸	dun3
熵	shang1
蜚	fei1|fei3|pei4|bei4
叼	diao1
缃	xiang1
铰	jiao3
谗	chan2
湟	huang2|kuang4
洖	wu2
濈	ji2|sha4
翱	ao2
噙	qin2
宀	mian2
忚	xi1|lie3
悊	zhe2
緰	tou2|xu1|yu2
猓	guo3|luo3
妩	wu3
簺	sai4
徇	xun4
裆	dang1
晩	wan3
栬	zui4
墀	chi2
刂	dao1
叓	shi4|li4
唁	yan4
癞	lai4
燂	tan2|xun2|qian2
馁	nei3
叺	chi3
痫	xian2
怏	yang4|yang1
熨	yun4|yu4|wei4
蜃	shen4
潕	wu3
鐖	ji1|qi2
仄	ze4
睨	ni4
姏	man2
鸩	zhen4
浗	qiu2
炰	pao2|fou3
岫	xiu4
佥	qian1
偣	yan1
膻	shan1|dan4
诩	xu3
笖	yi3
瞠	cheng1|zheng4
墒	shang1
芪	qi2|chi2
儚	meng2
刍	chu2
藜	li2
醺	xun1
鍠	huang2
帙	zhi4
咃	tuo1
堥	mao2|mou2|wu3
畹	wan3|yuan3
涮	shuan4|shua1
汩	gu3|yu4|hu2
畼	chang4
娅	ya4
塬	yuan2
氾	fan4|fan2
灙	dang3
馄	hun2
镫	deng4
剽	piao1|piao4|piao2|biao3|biao1
螃	pang2|bang3
啜	chuai4|chuo4|zhuo2
愮	yao2|yao4
晫	zhuo2
霾	mai2|li2
湰	long2
皊	ling2
鞣	rou2
饨	tun2
曜	yao4
冩	xie3
剜	wan1
辎	zi1
庨	xiao1
渌	lu4
阂	he2
腧	shu4|yu2
玑	ji1
巽	xun4|zhuan4
槑	mei2
诤	zheng4
坂	ban3
鞅	yang1|yang4|yang3
蔫	nian1|yan1|yan4
婺	wu4|mou2|mu4
疣	you2|you4
纾	shu1
璀	cui3
鎹	song4
幂	mi4
钤	qian2
囩	yun2
掬	ju1
忕	shi4|tai4
煜	yu4
觥	gong1
绁	xie4
媾	gou4
忻	xin1
豺	chai2
蚧	jie4
夛	duo1
袂	mei4|yi4
鹑	chun2
環	huan2|huan4
璜	huang2
佝	gou1|kou4|ju1
町	ting1|ting3|ding1|zheng4|tian3
疵	ci1|zi1|zhai4|ji4
啾	jiu1
篙	gao1
撸	lu1
潺	chan2
皯	gan3
緣	yuan2|yuan4
蹚	tang1|tang4|cheng1
鐣	cheng1
彀	gou4|kou1
拮	jie2|jia2
掓	shu1
斂	lian3|lian2
効	xiao4
铆	mao3
渶	ying1
濊	hui4|wei4|huo4
袷	jia2|qia1|jia1|jie2
祗	zhi1
厛	ting1
鍕	jun1
诨	hun4
呃	e4|e5|ai4
铏	xing2
诿	wei3
珅	shen1
噼	pi1
摈	bin4
皨	xing1
繛	chuo4
貧	pin2
螯	ao2
椈	ju2
阊	chang1
饽	bo1
斛	hu2
荥	xing2|ying2
噤	jin4
咛	ning2
蜓	ting2|dian4
裱	biao3
嘁	qi1|zu2|za1
缒	zhui4
虼	ge4
鍂	pian1
鐤	ding3
颔	han4
怵	chu4|xu4
舐	shi4
呴	xu3|hou3|hou1|gou4|gou1|gu1
砻	long2
惆	chou2|qiu1|dao1
黼	fu3
蜍	chu2|yu2
鉙	zhai3
魑	chi1
亍	chu4
嶙	lin2|lin3
嗝	ge2
擄	lu3
魇	yan3
泞	ning4|zhu4
诟	gou4
酐	gan1|hang4
砧	zhen1
徃	wang3
獠	liao2|lao3
硷	jian3
歔	xu1
湎	mian3
牯	gu3
鑽	zuan1|zuan4
遽	ju4|qu2
隍	huang2
诂	gu3
恚	hui4
啕	tao2
叾	liao3
腭	e4
腈	jing1
祜	hu4
娈	luan2
鸨	bao3
鑹	cuan1|cuan4
偈	ji4|jie2|qi4
唰	shua1
囪	cong1
犷	guang3
簲	pai2
炷	zhu4
硒	xi1
惉	zhan1
镕	rong2
跸	bi4
鲫	ji4
缜	zhen3
诓	kuang1
皢	xiao3
绺	liu3
铩	sha1
谧	mi4
櫉	chu2
濉	sui1
痋	teng2|chong2
唢	suo3
帇	nie4
睳	hui1
鍪	mou2
冧	lin2
赊	she1
缟	gao3
龇	zi1
蹴	cu4|zu2|jiu5
沣	feng1
旂	qi2
锟	kun1
淼	miao3
篝	gou1
觊	ji4
鹪	jiao1
窠	ke1
蛰	zhe2
呤	ling4|ling2
黠	xia2
嶏	pei4|pi3
暹	xian1
枇	pi2|bi3|bi4|pi1
枰	ping2
淅	xi1
鼬	you4
苎	zhu4
癣	xuan3
噔	deng1
囔	nang1|nang5
嘭	peng1
蚴	you4|you3|niu4
贲	ben1|bi4
蜻	qing1|jing1
弑	shi4
涑	su4|sou1|shu4
觎	yu2
钺	yue4
锆	gao4
刈	yi4
娡	zhi4
撺	cuan1
绀	gan4
線	xian4
鼋	yuan2
冭	tai4
匦	gui3
挶	ju1
锨	xian1
臃	yong1
硥	mang3|bang4
褴	lan2
昊	hao4
洓	se4|qi4|suo3|zi4
蛐	qu1
赟	yun1
嗪	qin2
犟	jiang4
奁	lian2
撹	jiao3
莓	mei2
涳	kong1|nang2
硌	ge4|luo4|li4
簤	dai4
謇	jian3
鑸	lei3
咣	guang1|gong1
苋	xian4
俣	yu3
冮	gang1
叟	sou3|sou1|xiao1
甾	zai1|zi1
忤	wu3|wu4
掑	qi2
锉	cuo4
厷	gong1|hong2
嵈	huan4
泯	min3|mian4
涜	du2
稞	ke1|hua4
鎽	feng1
耷	da1|zhe2
倌	guan1
坨	tuo2|yi2
孀	shuang1
粕	po4
跚	shan1
洹	huan2
骊	li2
伫	zhu4
猥	wei3|wei4
怆	chuang4
龌	wo4
滂	pang1|peng1
锗	zhe3
筫	zhi4|zhi3
垓	gai1
冽	lie4
龊	chuo4
萘	nai4
岌	ji2
彨	chi1
憿	jiao3|ji1
栭	er2
炆	wen2
鸬	lu2
榫	sun3
阡	qian1
椽	chuan2
孪	luan2
幙	mu4
谪	zhe2
擀	gan3
箴	zhen1|jian3
棿	ni2|nie4
譥	jiao4
瘁	cui4
厩	jiu4
梾	lai2
欤	yu2
箸	zhu4|zhuo2
靓	jing4|liang4
橐	tuo2|du4|luo4
枌	fen2
鲑	gui1|xie2
颧	quan2
痿	wei3
嘌	piao4|piao1
礴	bo2
寤	wu4
搽	cha2
骢	cong1
潟	xi4
箯	bian1
逅	hou4
龃	ju3
咝	si1
哐	kuang1|qiang1
崃	lai2
煚	jiong3
鑺	qu2
騗	pian4
铨	quan2
亳	bo2
厍	she4
鳕	xue3
岣	gou3
詈	li4
敱	ai2|zhu2
羰	tang1
瓑	li4
杓	biao1|shao2|shuo2|di2|zhuo2
菁	jing1
秣	mo4
埆	que4|jue2
宓	mi4|fu2
峇	ba1|ke4
怼	dui4
愠	yun4|yun3|wen3
旓	shao1
曟	chen2
砝	fa2|fa3|jie2|ge2
倜	ti4|diao4|zhou1
嗵	tong1
濛	meng2
敤	ke3
曚	meng2
钽	tan3
閿	wen2
闠	hui4
蹶	jue2|jue3|gui4
仃	ding1|ding3
飨	xiang3
峋	xun2
覃	tan2|qin2|yan3
咿	yi1
孨	zhuan3|ni4
岢	ke3
煇	hui1|hun2|yun4|xun1|xuan4
犍	jian1|qian2|jian3
瑗	yuan4|huan2
绲	gun3
酗	xu4
杳	yao3
懑	men4
桠	ya1
槝	dao3
逦	li3
唏	xi1|xie4
仛	tuo1|duo2|cha4|zhe2
婕	jie2|qie4
呦	you1
幄	wo4
濋	chu3
搡	sang3
椟	du2
谔	e4
嶂	zhang4
囿	you4
戦	zhan4
蹒	pan2
珐	fa4
罅	xia4
闇	an4|an3|an1|yin1|yin3
瑷	ai4
珲	hui1|hun2
醮	jiao4|qiao2|zhan4
馀	yu2
淨	jing4|cheng2
粲	can4
绋	fu2
膂	lv3
乩	ji1
壅	yong1|weng4
吒	zha1|zha4
鄢	yan1
綇	xiu3
賨	cong2
鐥	shan4
纥	ge1|he2
碣	jie2|ke3|ya4
崧	song1
珗	xian1
畻	cheng2
疸	dan3|da5
皝	huang4
粍	zhe2
鎼	xia4
骠	biao1|piao4
囷	qun1
裰	duo1
钏	chuan4
哵	ba1
埽	sao4|sao3
谡	su4
璨	can4
畫	hua4
褛	lv3
鄀	ruo4
祧	tiao1
傕	jue2|que4
硎	xing2|keng1
饩	xi4
嬖	bi4
畨	pan1|fan1
鏖	ao2|biao1
郴	chen1|lan2
鄄	juan4
浔	xun2
厜	zui1
垭	ya1
彛	yi2
搦	nuo4
枟	yun4
诌	zhou1
龉	yu3
镳	biao1
卮	zhi1
蜴	yi4|xi2
嘧	mi4
婇	cai3
篾	mie4
淝	fei2
螟	ming2
呋	fu1
壊	huai4
懋	mao4
浉	shi1
蓖	bi4
嫍	tao1
嵊	sheng4|cheng2
掍	hun4
曠	kuang4
竻	le4|jin1
邛	qiong2
鑱	chan2
劅	zhuo2
劯	zhu1
咭	ji1|xi1|qia4
嬨	ci2
寚	bao3
槾	man4|wan4|man2
蛎	li4
皑	ai2
蛻	tui4
邂	xie4
铛	dang1|cheng1
壒	ai4
昱	yu4
歙	she4|xi1|xie2
腱	jian4|qian2
砭	bian1
缌	si1
遴	lin2|lin4
鑾	luan2
佤	wa3
凇	song1
啵	bo1|bo5
蚩	chi1
彜	yi2
斁	yi4|du4|tu2
洌	lie4
炶	shan3
煩	fan2
砒	pi1
讵	ju4
鍎	tu2
閰	ju2
馊	sou1
魐	gan1
甑	zeng4
挞	ta4
帴	san4|jian3|jian1
愯	song3
槭	qi1|qi4|cu4|zu2|se4
爿	pan2|qiang2
瘙	sao4
缡	li2
賍	zang1
傈	li4
谯	qiao2|qiao4
嘹	liao2|liao4
忛	fan1
蹼	pu3
钍	tu3
铤	ding4|ting3
谲	jue2
慵	yong1
嵘	rong2
姤	gou4
邕	yong1|yong3
杷	pa2|ba4
苁	cong1
飴	yi2|si4
闱	wei2
卣	you3
挈	qie4|qi4|jia2|qia4|shi4
怩	ni2
愰	huang4|huang3
慊	qian4|qie4|xian2|qian3
栲	kao3
橀	xi1
潯	xun2|yin2
臁	lian2
楸	qiu1
佗	tuo2|tuo1|tuo4|yi2
殚	dan1
榧	fei3
爰	yuan2
痨	lao2
禛	zhen1
铌	ni2
鬣	lie4
泓	hong2
廪	lin3
镭	lei2
刽	gui4
桡	rao2
噹	dang1
庾	yu3|yu2
柊	zhong1
鐘	zhong1
隷	li4
淦	gan4|han2
僳	su4
痧	sha1
啉	lin2|lan2|len4
锶	si1
纘	zuan3
诜	shen1
遛	liu2|liu4
鏆	guan4
萜	tie1
虢	guo2
螳	tang2
唿	hu1
嚦	li4
旃	zhan1
忸	niu3
芟	shan1|wei3
诮	qiao4
赳	jiu1|jiu4
閑	xian2
雮	mu4
爻	yao2|xiao4
磬	qing4|qing3
玷	dian4|dian1
蛏	cheng1
蚱	zha4
肱	gong1
碴	cha2|cha1
孑	jie2
苌	chang2
姞	ji2
猢	hu2
狍	pao2
竵	wai1|hua1
笤	tiao2|shao4
罹	li2
鎾	wen1
镦	dui4|dun1
掼	guan4
叏	guai4
翦	jian3
栵	lie4
縊	yi4
讴	ou1
鄯	shan4
酢	cu4|zuo4
鲧	gun3
铋	bi4
啻	chi4|di4
瘿	ying3
卟	bu3|ji1
粼	lin2|lin3
蓑	suo1|sui1
颦	pin2
穑	se4
鬻	yu4|zhou1|ju1
喔	o1|wo1|wu1|o5|o4
衾	qin1
魃	ba2
楅	bi1
脍	kuai4
狎	xia2
滁	chu2
犻	bo2|pei4|fei4
筜	dang1
蒀	yun1
蓧	diao4|tiao2|di2
赝	yan4
鲎	hou4
扪	men2
叆	ai4
靥	ye4
叧	gua3
蓼	liao3|lu4|lao3|liu3
舛	chuan3
鲂	fang2
夈	zhai1
莘	shen1|xin1
恫	dong4|tong1
悧	li4
雠	chou2
椴	duan4
楗	jian4|jian3
霰	xian4|san3
髡	kun1
漯	luo4|ta4|lei3
镓	jia1
钚	bu4
韪	wei3
搧	shan1
嗥	hao2
師	shi1
蛩	qiong2|gong3
螫	shi4|zhe1
脘	wan3|huan4
俎	zu3
膈	ge2
螛	he2|xia2
邳	pi1
拋	pao1
硪	wo4|e2|yi3
沭	shu4
铄	shuo4
倞	jing4|liang4
傩	nuo2
妤	yu2
聒	gua1|guo1
悕	xi1
肓	huang1
珛	xiu4
瘑	guo1
瘮	shen4
鄣	zhang1|zhang4
鋈	wu4
髁	ke1|kua4
瓤	rang2
婵	chan2
苄	bian4
娿	e1|e3
缬	xie2
帼	guo2
铍	pi1|pi2
氩	ya4
褡	da1
舢	shan1
鹜	wu4
赭	zhe3
俳	pai2
繇	yao2|you2|zhou4
蕙	hui4
叡	rui4
弬	yi2
殒	yun3
沤	ou1|ou4
煳	hu2
稹	zhen3|zhen1|bian1
耄	mao4
馕	nang2|nang3
琮	cong2
馥	fu4|bi4
茏	long2
寔	shi2
玖	jiu3
湀	gui3
畬	she1|yu2
畾	lei2
酧	chou2
錯	cuo4|cu4|xi1
镬	huo4
枋	fang1|fang3|bing3
傦	gu3
霁	ji4
喹	kui2
蠖	huo4|yue4
皙	xi1
遑	huang2
峥	zheng1
绂	fu2
嗲	die1|dia3
嘣	beng1
惇	dun1
妯	zhou2|chou1
帿	hou2
彁	ge1
烻	yan4|shan1
畦	qi2
垠	yin2|ken4
姉	zi3
袤	mao4|mou2
汜	si4
毦	er3
芮	rui4|ruo4
節	jie2|jie1
跫	qiong2|qiang1|qiong1
莠	you3|xiu4
钹	bo2
伀	zhong1
冿	jian1
诒	yi2
蜇	zhe1|zhe2
掔	qian1|wan4
缛	ru4
蓿	xu5|su4
荨	xun2|qian2
谠	dang3
阗	tian2
瘘	lou4
姳	ming3
彘	zhi4
脲	niao4
蛉	ling2
矇	meng2|meng3|meng1
蠓	meng3
遒	qiu2|qiu1
鎏	liu2
赀	zi1
儆	jing3
阋	xi4
濯	zhuo2|shuo4|zhao4
锾	huan2
滐	jie2
狅	kuang2
癳	luo3
粖	mo4
茁	zhuo2|zhu2
馑	jin3
蚰	you2|zhu2
郏	jia2
阆	lang2|lang4
稔	ren3
腴	yu2
乇	tuo1|zhe2
侑	you4
篪	chi2
弭	mi3
踔	chuo1|diao4|zhuo1|tiao4|chuo4
晗	han2
囬	hui2
尕	ga3
鲆	ping2
莒	ju3
忥	xi4
滹	hu1|hu3
鹳	guan4
镠	liu2
鲱	fei1
陉	xing2
徕	lai2|lai4
嚮	xiang4|xiang3
悶	men4|men1
旎	ni3
窕	tiao3|tiao1
槈	nou4
麂	ji3
泦	ju2
艽	jiao1|qiu2
蚦	ran2
郪	qi1
骛	wu4
醯	xi1
樽	zun1
倨	ju4
扦	qian1
敯	min3
汻	hu3|huang3
苣	ju4|qu3
跗	fu1|fu4
葆	bao3|bao1
呶	nao2|na2|nu3
庀	pi3
悆	yu4|shu1
曡	die2
玳	dai4
繚	liao2|rao3
愆	qian1
诋	di3
芊	qian1|qian4
咤	zha4
呎	chi3|ying1
喟	kui4|huai4
嗄	a2|sha4|a5|xia4
聿	yu4
鹌	an1
洩	xie4|yi4
玠	jie4
眬	long2
矽	xi4|xi1
粐	hu4
苡	yi3
谖	xuan1
鼍	tuo2
鴙	zhi4
龀	chen4
阕	que4
厝	cuo4|ji2
锷	e4
壂	dian4
槁	gao3|kao4|gao1
薮	sou3
疃	tuan3
皴	cun1
蔪	jian4|jian1|shan1
迨	dai4
鐮	lian2
掾	yuan4|chuan2
跎	tuo2
崴	wai3|wei1|wei3
暀	wang3|wang4
璟	jing3
洰	ju4
濺	jian4|jian1|zan4
熲	jiong3
獬	xie4|ha3|jie3
貉	hao2|he2|mo4|ma4
豕	shi3
刕	li2
芡	qian4
嵁	kan1|zhan4
甙	dai4
彇	xiao1
曪	luo3
杽	chou3
殁	mo4|wen3
湜	shi2
笮	ze2|zuo2|zha4
魰	wen2
噫	yi1|ai3|yi4
黾	min3|mian3|meng3
彈	dan4|tan2
惂	kan3
揿	qin4
摁	en4
棬	quan1|juan4|quan2
梴	chan1
氶	zheng3|cheng2|zheng4
潗	ji2
為	wei4|wei2
焐	wu4
箮	xuan1
粂	zhai1
薹	tai2
螈	yuan2
衏	yuan4
銶	qiu2
鎱	yuan2
壹	yi1|yin1
唸	nian4|dian4
凫	fu2
囫	hu2
囵	lun2
戗	qiang1|qiang4
衩	cha3|cha4
鸢	yuan1
繙	fan1|fan2
纛	dao4|du2
胛	jia3
诖	gua4
迯	tao2
鉔	za1
鯪	ling2
蘖	nie4|bo4
铯	se4
嗑	ke1|ke4|he2|xia2
蛄	gu1|gu3
邈	miao3|miao2
牴	di3|di1|zhai1
骶	di3
鐬	hui4
颞	nie4
餮	tie4
僖	xi1
蝼	lou2
愎	bi4
窨	xun1|yin4|yin1
桉	an1|an4
嬗	shan4|chan2
戕	qiang1|zang1
晷	gui3
窈	yao3|yao4
枡	sheng1
趄	ju1|qie4
